sample,timestamp,gaze2d_x,gaze2d_y,gaze3d,eyeleft,eyeright
1,,0.6350000000000002,0.6289000000000002,"[-5525.760000000001, -3213.5700000000006, 20244.300000000003]","{""gazeorigin"": [30.250000000000007, -9.630000000000003, -25.430000000000003], ""gazedirection"": [-0.20070000000000007, -0.14550000000000005, 0.9688000000000003], ""pupildiameter"": 3.5980000000000008}","{""gazeorigin"": [-35.82000000000001, -8.190000000000001, -25.440000000000005], ""gazedirection"": [-0.3181000000000001, -0.15550000000000005, 0.9352000000000003], ""pupildiameter"": 3.7840000000000007}"
2,,0.7016000000000002,0.5825000000000002,"[-8097.620000000002, -2034.4500000000005, 19558.550000000003]","{""gazeorigin"": [29.020000000000007, -9.510000000000002, -25.690000000000005], ""gazedirection"": [-0.3634000000000001, -0.09120000000000003, 0.9272000000000002], ""pupildiameter"": 4.484000000000001}","{""gazeorigin"": [-36.88000000000001, -7.210000000000002, -26.870000000000005], ""gazedirection"": [-0.39690000000000014, -0.09910000000000004, 0.9125000000000003], ""pupildiameter"": 4.016000000000001}"
3,,0.7236000000000002,0.5687000000000002,"[-3931.7000000000007, -748.2000000000002, 8530.630000000001]","{""gazeorigin"": [28.420000000000005, -9.710000000000003, -26.080000000000005], ""gazedirection"": [-0.42020000000000013, -0.13310000000000005, 0.8976000000000003], ""pupildiameter"": 4.125000000000001}","{""gazeorigin"": [-37.040000000000006, -7.160000000000001, -26.740000000000006], ""gazedirection"": [-0.4102000000000001, -0.02320000000000001, 0.9117000000000003], ""pupildiameter"": 3.556000000000001}"
4,,0.7892000000000002,0.5604000000000002,"[-4818.810000000001, -623.7700000000001, 8017.030000000002]","{""gazeorigin"": [28.430000000000007, -9.750000000000002, -26.030000000000005], ""gazedirection"": [-0.42350000000000015, -0.12920000000000004, 0.8966000000000003], ""pupildiameter"": 4.130000000000001}","{""gazeorigin"": [-37.17000000000001, -7.4300000000000015, -27.190000000000005], ""gazedirection"": [-0.5945000000000001, -0.0009000000000000003, 0.8041000000000003], ""pupildiameter"": 4.306000000000001}"
5,,0.7450000000000002,0.6026000000000002,"[-4226.610000000001, -1066.89, 8343.220000000001]","{""gazeorigin"": [28.720000000000006, -9.650000000000002, -26.070000000000004], ""gazedirection"": [-0.38640000000000013, -0.14220000000000005, 0.9113000000000003], ""pupildiameter"": 4.129000000000001}","{""gazeorigin"": [-37.13000000000001, -7.270000000000001, -27.330000000000005], ""gazedirection"": [-0.5064000000000002, -0.08160000000000002, 0.8584000000000003], ""pupildiameter"": 4.180000000000001}"
6,,0.7265000000000003,0.6107000000000002,"[-3956.100000000001, -1164.7400000000002, 8470.380000000001]","{""gazeorigin"": [28.950000000000006, -9.620000000000001, -26.080000000000005], ""gazedirection"": [-0.3681000000000001, -0.14820000000000005, 0.9179000000000003], ""pupildiameter"": 4.135000000000001}","{""gazeorigin"": [-37.040000000000006, -7.250000000000002, -27.300000000000004], ""gazedirection"": [-0.46750000000000014, -0.09630000000000002, 0.8787000000000003], ""pupildiameter"": 4.130000000000001}"
7,,0.7084000000000003,0.6150000000000002,"[-3680.230000000001, -1224.6300000000003, 8589.110000000002]","{""gazeorigin"": [29.210000000000004, -9.600000000000001, -26.070000000000004], ""gazedirection"": [-0.3429000000000001, -0.14770000000000005, 0.9277000000000003], ""pupildiameter"": 4.131000000000001}","{""gazeorigin"": [-36.93000000000001, -7.210000000000002, -27.260000000000005], ""gazedirection"": [-0.4344000000000001, -0.10940000000000004, 0.8941000000000003], ""pupildiameter"": 4.197000000000001}"
8,,0.6935000000000002,0.6098000000000002,"[-3449.600000000001, -1185.5200000000002, 8692.320000000002]","{""gazeorigin"": [29.400000000000006, -9.570000000000002, -26.050000000000004], ""gazedirection"": [-0.3262000000000001, -0.14790000000000006, 0.9337000000000003], ""pupildiameter"": 4.097000000000001}","{""gazeorigin"": [-36.760000000000005, -7.1800000000000015, -27.130000000000006], ""gazedirection"": [-0.40250000000000014, -0.10100000000000003, 0.9099000000000003], ""pupildiameter"": 4.104000000000001}"
9,,0.6850000000000002,0.6001000000000002,"[-3316.1100000000006, -1093.0900000000001, 8756.500000000002]","{""gazeorigin"": [29.580000000000005, -9.690000000000001, -25.840000000000003], ""gazedirection"": [-0.3125000000000001, -0.13640000000000005, 0.9401000000000003], ""pupildiameter"": 4.073000000000001}","{""gazeorigin"": [-36.64000000000001, -7.120000000000001, -27.080000000000005], ""gazedirection"": [-0.38790000000000013, -0.09290000000000002, 0.9170000000000003], ""pupildiameter"": 4.071000000000001}"
10,,0.6750000000000003,0.5970000000000002,"[-3154.4500000000007, -1068.3600000000001, 8822.650000000001]","{""gazeorigin"": [29.770000000000007, -9.750000000000002, -25.680000000000003], ""gazedirection"": [-0.3034000000000001, -0.13000000000000003, 0.9440000000000003], ""pupildiameter"": 4.066000000000001}","{""gazeorigin"": [-36.45000000000001, -7.1400000000000015, -26.950000000000006], ""gazedirection"": [-0.3629000000000001, -0.09410000000000003, 0.9271000000000003], ""pupildiameter"": 4.047000000000001}"
11,,0.6717000000000002,0.5974000000000002,"[-3098.9800000000005, -1075.1600000000003, 8841.550000000001]","{""gazeorigin"": [29.860000000000007, -9.770000000000001, -25.600000000000005], ""gazedirection"": [-0.2968000000000001, -0.12890000000000004, 0.9462000000000003], ""pupildiameter"": 4.072000000000001}","{""gazeorigin"": [-36.36000000000001, -7.210000000000002, -26.830000000000005], ""gazedirection"": [-0.35770000000000013, -0.09660000000000003, 0.9288000000000003], ""pupildiameter"": 4.023000000000001}"
12,,0.6658000000000002,0.6000000000000002,"[-2998.0300000000007, -1106.2900000000002, 8871.320000000002]","{""gazeorigin"": [29.990000000000006, -9.810000000000002, -25.430000000000003], ""gazedirection"": [-0.2823000000000001, -0.13160000000000005, 0.9502000000000003], ""pupildiameter"": 4.023000000000001}","{""gazeorigin"": [-36.190000000000005, -7.370000000000001, -26.510000000000005], ""gazedirection"": [-0.3509000000000001, -0.10050000000000003, 0.9310000000000003], ""pupildiameter"": 4.066000000000001}"
13,,0.6648000000000002,0.5888000000000002,"[-2984.2700000000004, -989.4800000000002, 8883.490000000002]","{""gazeorigin"": [30.080000000000005, -9.840000000000002, -25.300000000000004], ""gazedirection"": [-0.2724000000000001, -0.13160000000000005, 0.9532000000000003], ""pupildiameter"": 4.021000000000001}","{""gazeorigin"": [-36.190000000000005, -7.360000000000001, -26.490000000000006], ""gazedirection"": [-0.3580000000000001, -0.07580000000000002, 0.9306000000000003], ""pupildiameter"": 4.174000000000001}"
14,,0.6615000000000002,0.5814000000000001,"[-2928.0400000000004, -913.9600000000002, 8904.510000000002]","{""gazeorigin"": [30.180000000000007, -9.880000000000003, -25.190000000000005], ""gazedirection"": [-0.2626000000000001, -0.13520000000000004, 0.9554000000000004], ""pupildiameter"": 4.016000000000001}","{""gazeorigin"": [-36.150000000000006, -7.320000000000001, -26.460000000000004], ""gazedirection"": [-0.3558000000000001, -0.05620000000000002, 0.9329000000000003], ""pupildiameter"": 4.181000000000001}"
15,,0.6603000000000002,0.5755000000000002,"[-2908.0800000000004, -853.5200000000002, 8914.600000000002]","{""gazeorigin"": [30.220000000000006, -9.880000000000003, -25.140000000000004], ""gazedirection"": [-0.2591000000000001, -0.13280000000000003, 0.9567000000000003], ""pupildiameter"": 4.015000000000001}","{""gazeorigin"": [-36.13000000000001, -7.300000000000002, -26.440000000000005], ""gazedirection"": [-0.35510000000000014, -0.045800000000000014, 0.9337000000000003], ""pupildiameter"": 4.170000000000001}"
16,,0.6682000000000002,0.5786000000000002,"[-3038.7100000000005, -880.7400000000001, 8857.720000000001]","{""gazeorigin"": [30.280000000000005, -9.880000000000003, -25.070000000000004], ""gazedirection"": [-0.2533000000000001, -0.13160000000000005, 0.9584000000000003], ""pupildiameter"": 3.990000000000001}","{""gazeorigin"": [-35.99000000000001, -7.540000000000002, -26.090000000000003], ""gazedirection"": [-0.3886000000000001, -0.05270000000000002, 0.9199000000000003], ""pupildiameter"": 4.142000000000001}"
17,,0.6735000000000002,0.5799000000000002,"[-3125.100000000001, -890.4000000000002, 8818.490000000002]","{""gazeorigin"": [30.300000000000004, -9.870000000000003, -25.040000000000006], ""gazedirection"": [-0.2512000000000001, -0.13000000000000003, 0.9592000000000003], ""pupildiameter"": 3.9770000000000008}","{""gazeorigin"": [-35.89000000000001, -7.6800000000000015, -25.870000000000005], ""gazedirection"": [-0.40900000000000014, -0.05640000000000002, 0.9108000000000003], ""pupildiameter"": 4.118000000000001}"
18,,0.6766000000000002,0.5805000000000002,"[-3172.7900000000004, -893.4200000000002, 8790.070000000002]","{""gazeorigin"": [30.320000000000007, -9.800000000000002, -25.050000000000004], ""gazedirection"": [-0.24400000000000008, -0.12830000000000005, 0.9612000000000003], ""pupildiameter"": 3.9770000000000008}","{""gazeorigin"": [-35.81000000000001, -7.800000000000002, -25.690000000000005], ""gazedirection"": [-0.4263000000000001, -0.05880000000000002, 0.9027000000000003], ""pupildiameter"": 4.103000000000001}"
19,,0.6820000000000003,0.5803000000000001,"[-3259.1300000000006, -887.0800000000002, 8752.520000000002]","{""gazeorigin"": [30.320000000000007, -9.810000000000002, -25.030000000000005], ""gazedirection"": [-0.24660000000000007, -0.12560000000000004, 0.9609000000000003], ""pupildiameter"": 3.971000000000001}","{""gazeorigin"": [-35.730000000000004, -7.900000000000001, -25.510000000000005], ""gazedirection"": [-0.4419000000000001, -0.06010000000000002, 0.8950000000000002], ""pupildiameter"": 4.074000000000001}"
20,,0.6882000000000003,0.5801000000000002,"[-3353.7100000000005, -880.3500000000001, 8700.140000000001]","{""gazeorigin"": [30.330000000000005, -9.690000000000001, -25.040000000000006], ""gazedirection"": [-0.2419000000000001, -0.12140000000000004, 0.9627000000000003], ""pupildiameter"": 3.946000000000001}","{""gazeorigin"": [-35.61000000000001, -8.060000000000002, -25.250000000000004], ""gazedirection"": [-0.46670000000000017, -0.06280000000000002, 0.8822000000000003], ""pupildiameter"": 4.039000000000001}"
21,,0.6920000000000002,0.5716000000000002,"[-3414.0100000000007, -790.6800000000002, 8675.260000000002]","{""gazeorigin"": [30.310000000000006, -9.570000000000002, -25.060000000000006], ""gazedirection"": [-0.24160000000000006, -0.11370000000000004, 0.9637000000000003], ""pupildiameter"": 3.918000000000001}","{""gazeorigin"": [-35.510000000000005, -7.980000000000001, -25.160000000000004], ""gazedirection"": [-0.4797000000000001, -0.05170000000000002, 0.8759000000000002], ""pupildiameter"": 3.9610000000000007}"
22,,0.6953000000000003,0.5655000000000002,"[-3464.620000000001, -725.9000000000001, 8650.610000000002]","{""gazeorigin"": [30.290000000000006, -9.490000000000002, -25.070000000000004], ""gazedirection"": [-0.24040000000000009, -0.10750000000000004, 0.9647000000000003], ""pupildiameter"": 3.896000000000001}","{""gazeorigin"": [-35.480000000000004, -7.910000000000002, -25.170000000000005], ""gazedirection"": [-0.49160000000000015, -0.04420000000000002, 0.8697000000000003], ""pupildiameter"": 3.967000000000001}"
23,,0.6363000000000002,0.5807000000000002,"[-2495.8100000000004, -922.7300000000001, 9061.070000000002]",{},"{""gazeorigin"": [-35.290000000000006, -7.200000000000001, -26.240000000000006], ""gazedirection"": [-0.2601000000000001, -0.09680000000000002, 0.9607000000000003], ""pupildiameter"": 3.8720000000000008}"
24,,0.5764000000000001,0.6486000000000002,"[-1373.9000000000003, -1668.7600000000002, 9175.610000000002]","{""gazeorigin"": [31.730000000000008, -10.010000000000002, -25.750000000000004], ""gazedirection"": [-0.10620000000000003, -0.19230000000000005, 0.9756000000000004], ""pupildiameter"": 4.402000000000001}","{""gazeorigin"": [-34.510000000000005, -7.510000000000002, -26.390000000000004], ""gazedirection"": [-0.18400000000000005, -0.15870000000000006, 0.9700000000000003], ""pupildiameter"": 4.201000000000001}"
25,,0.5595000000000002,0.7312000000000002,"[-1034.5900000000001, -2521.4900000000007, 9022.580000000002]","{""gazeorigin"": [32.10000000000001, -10.620000000000003, -26.060000000000006], ""gazedirection"": [-0.06380000000000002, -0.2835000000000001, 0.9568000000000003], ""pupildiameter"": 4.107000000000001}","{""gazeorigin"": [-33.400000000000006, -8.470000000000002, -26.080000000000005], ""gazedirection"": [-0.15490000000000004, -0.24760000000000007, 0.9564000000000002], ""pupildiameter"": 4.003000000000001}"
26,,0.5244000000000002,0.7664000000000002,"[-371.3300000000001, -2882.0600000000004, 8975.130000000001]","{""gazeorigin"": [32.400000000000006, -10.990000000000002, -26.310000000000006], ""gazedirection"": [-0.02710000000000001, -0.3250000000000001, 0.9453000000000003], ""pupildiameter"": 4.006000000000001}","{""gazeorigin"": [-32.67000000000001, -8.680000000000001, -26.410000000000004], ""gazedirection"": [-0.051400000000000015, -0.2823000000000001, 0.9579000000000003], ""pupildiameter"": 4.234000000000001}"
27,,0.5154000000000002,0.8144000000000002,"[-198.90000000000003, -3335.8000000000006, 8822.120000000003]","{""gazeorigin"": [32.61000000000001, -11.470000000000002, -26.520000000000007], ""gazedirection"": [0.0021000000000000007, -0.3680000000000001, 0.9298000000000003], ""pupildiameter"": 4.182000000000001}","{""gazeorigin"": [-32.34, -9.210000000000003, -26.520000000000007], ""gazedirection"": [-0.04420000000000002, -0.3351000000000001, 0.9411000000000003], ""pupildiameter"": 4.148000000000001}"
28,,0.5095000000000002,0.8456000000000002,"[-90.43000000000002, -3618.3800000000006, 8714.560000000001]","{""gazeorigin"": [32.650000000000006, -11.660000000000002, -27.110000000000007], ""gazedirection"": [-0.005000000000000002, -0.3992000000000001, 0.9169000000000003], ""pupildiameter"": 4.344000000000001}","{""gazeorigin"": [-32.00000000000001, -9.610000000000001, -26.640000000000004], ""gazedirection"": [-0.014200000000000004, -0.3636000000000001, 0.9314000000000003], ""pupildiameter"": 4.337000000000001}"
29,,0.5037000000000001,0.9581000000000003,"[10.780000000000003, -4542.800000000001, 8273.250000000002]","{""gazeorigin"": [32.52, -12.460000000000003, -26.800000000000004], ""gazedirection"": [0.0021000000000000007, -0.45920000000000016, 0.8883000000000003], ""pupildiameter"": 4.043000000000001}","{""gazeorigin"": [-31.780000000000005, -10.480000000000002, -27.020000000000007], ""gazedirection"": [0.00010000000000000003, -0.4989000000000002, 0.8666000000000003], ""pupildiameter"": 4.027000000000001}"
30,,0.5036000000000002,0.9722000000000003,"[10.770000000000001, -3838.9300000000007, 6782.920000000001]","{""gazeorigin"": [32.400000000000006, -12.820000000000002, -26.880000000000006], ""gazedirection"": [-0.002700000000000001, -0.48860000000000015, 0.8725000000000003], ""pupildiameter"": 4.268000000000001}","{""gazeorigin"": [-31.710000000000004, -10.640000000000002, -27.130000000000006], ""gazedirection"": [0.005400000000000002, -0.4913000000000002, 0.8710000000000003], ""pupildiameter"": 4.180000000000001}"
31,,0.5072000000000002,1.0640000000000003,"[-41.36000000000001, -4435.950000000001, 6571.620000000002]","{""gazeorigin"": [32.17000000000001, -13.320000000000002, -27.250000000000004], ""gazedirection"": [-0.009700000000000004, -0.5708000000000002, 0.8210000000000003], ""pupildiameter"": 3.877000000000001}","{""gazeorigin"": [-31.630000000000006, -11.160000000000002, -27.230000000000004], ""gazedirection"": [-0.0007000000000000002, -0.5427000000000002, 0.8400000000000003], ""pupildiameter"": 3.967000000000001}"
32,,0.5020000000000001,1.0736000000000003,"[28.920000000000005, -4487.710000000001, 6538.180000000001]","{""gazeorigin"": [32.160000000000004, -13.470000000000002, -27.170000000000005], ""gazedirection"": [0.004100000000000001, -0.5617000000000002, 0.8273000000000003], ""pupildiameter"": 4.527000000000001}","{""gazeorigin"": [-31.580000000000005, -11.380000000000003, -27.510000000000005], ""gazedirection"": [0.003200000000000001, -0.5648000000000002, 0.8252000000000003], ""pupildiameter"": 4.059000000000001}"
33,,0.5239000000000001,1.1456000000000004,"[-33.09, -610.2500000000001, 790.5100000000001]","{""gazeorigin"": [31.970000000000006, -13.510000000000003, -28.030000000000005], ""gazedirection"": [-0.06460000000000002, -0.6022000000000002, 0.7957000000000003], ""pupildiameter"": 4.026000000000001}","{""gazeorigin"": [-31.620000000000005, -11.470000000000002, -27.580000000000005], ""gazedirection"": [-0.0009000000000000003, -0.5761000000000002, 0.8174000000000002], ""pupildiameter"": 4.064000000000001}"
34,,0.5145000000000002,1.1097000000000004,"[-27.270000000000007, -911.1800000000002, 1249.4800000000002]","{""gazeorigin"": [32.06000000000001, -13.380000000000003, -27.650000000000006], ""gazedirection"": [-0.037800000000000014, -0.5703000000000001, 0.8206000000000002], ""pupildiameter"": 4.389000000000001}","{""gazeorigin"": [-31.740000000000006, -11.500000000000002, -27.570000000000004], ""gazedirection"": [0.002700000000000001, -0.5803000000000001, 0.8144000000000002], ""pupildiameter"": 3.995000000000001}"
35,,0.5264000000000002,1.0887000000000004,"[-70.19000000000001, -1054.7600000000002, 1497.7700000000002]","{""gazeorigin"": [32.07000000000001, -13.250000000000002, -27.600000000000005], ""gazedirection"": [-0.055500000000000015, -0.5712000000000002, 0.8189000000000003], ""pupildiameter"": 3.998000000000001}","{""gazeorigin"": [-31.980000000000008, -11.320000000000002, -27.360000000000007], ""gazedirection"": [-0.020400000000000005, -0.5563000000000001, 0.8308000000000003], ""pupildiameter"": 4.069000000000001}"
36,,0.5272000000000001,1.0763000000000003,"[-68.96000000000001, -982.4300000000002, 1424.9700000000003]","{""gazeorigin"": [32.040000000000006, -13.580000000000002, -26.660000000000004], ""gazedirection"": [-0.05790000000000002, -0.5591000000000002, 0.8271000000000003], ""pupildiameter"": 3.8280000000000007}","{""gazeorigin"": [-32.080000000000005, -11.270000000000001, -27.250000000000004], ""gazedirection"": [-0.021000000000000008, -0.5509000000000002, 0.8343000000000003], ""pupildiameter"": 4.027000000000001}"
37,,0.5282000000000001,1.0733000000000004,"[-74.04000000000002, -1002.6400000000002, 1461.7700000000002]","{""gazeorigin"": [32.00000000000001, -13.460000000000003, -26.760000000000005], ""gazedirection"": [-0.05940000000000002, -0.5584000000000002, 0.8275000000000002], ""pupildiameter"": 3.876000000000001}","{""gazeorigin"": [-32.120000000000005, -11.240000000000002, -27.210000000000004], ""gazedirection"": [-0.02320000000000001, -0.5482000000000001, 0.8360000000000003], ""pupildiameter"": 4.008000000000001}"
38,,0.5325000000000002,1.0356000000000003,"[-67.64000000000001, -728.7300000000001, 1136.63]","{""gazeorigin"": [32.14000000000001, -12.950000000000003, -27.230000000000004], ""gazedirection"": [-0.07230000000000002, -0.5057000000000001, 0.8596000000000003], ""pupildiameter"": 4.439000000000001}","{""gazeorigin"": [-32.18000000000001, -11.190000000000003, -27.120000000000005], ""gazedirection"": [-0.026400000000000007, -0.5412000000000001, 0.8405000000000002], ""pupildiameter"": 4.037000000000001}"
39,,0.5560000000000002,1.0601000000000003,"[-44.85000000000001, -275.87000000000006, 411.7000000000001]","{""gazeorigin"": [32.21000000000001, -12.610000000000003, -28.050000000000004], ""gazedirection"": [-0.14800000000000005, -0.48850000000000016, 0.8599000000000002], ""pupildiameter"": 4.534000000000001}","{""gazeorigin"": [-32.21000000000001, -11.150000000000002, -27.030000000000005], ""gazedirection"": [-0.025300000000000007, -0.5359000000000002, 0.8439000000000003], ""pupildiameter"": 4.067000000000001}"
40,,0.5359000000000002,1.0598000000000003,"[-134.27000000000004, -1349.0800000000002, 2013.9700000000005]","{""gazeorigin"": [32.040000000000006, -13.250000000000002, -27.320000000000004], ""gazedirection"": [-0.06800000000000002, -0.5456000000000002, 0.8353000000000003], ""pupildiameter"": 4.646000000000001}","{""gazeorigin"": [-32.17000000000001, -11.360000000000003, -27.070000000000004], ""gazedirection"": [-0.04180000000000001, -0.5484000000000002, 0.8352000000000003], ""pupildiameter"": 4.002000000000001}"
41,,0.5433000000000002,1.1798000000000004,"[-155.87000000000003, -1529.5500000000004, 1882.0200000000004]","{""gazeorigin"": [31.500000000000007, -13.920000000000003, -27.520000000000007], ""gazedirection"": [-0.06210000000000002, -0.6347000000000002, 0.7702000000000002], ""pupildiameter"": 4.070000000000001}","{""gazeorigin"": [-32.14000000000001, -11.950000000000003, -27.400000000000006], ""gazedirection"": [-0.06520000000000002, -0.6064000000000002, 0.7925000000000002], ""pupildiameter"": 3.995000000000001}"
42,,0.5581000000000002,1.1515000000000004,"[-113.80000000000003, -777.8200000000002, 998.6200000000002]","{""gazeorigin"": [31.560000000000006, -14.200000000000003, -26.590000000000003], ""gazedirection"": [-0.11290000000000004, -0.5897000000000002, 0.7997000000000003], ""pupildiameter"": 3.878000000000001}","{""gazeorigin"": [-32.160000000000004, -11.920000000000002, -27.370000000000005], ""gazedirection"": [-0.06370000000000002, -0.6008000000000002, 0.7969000000000003], ""pupildiameter"": 4.024000000000001}"
43,,0.5566000000000002,1.1533000000000004,"[-110.48000000000002, -779.3000000000002, 997.7800000000002]",{},"{""gazeorigin"": [-32.17000000000001, -11.900000000000002, -27.360000000000007], ""gazedirection"": [-0.06100000000000002, -0.5982000000000002, 0.7990000000000003], ""pupildiameter"": 4.028000000000001}"
44,,0.5555000000000002,1.1506000000000003,"[-108.43000000000002, -777.3000000000002, 999.4200000000002]",{},"{""gazeorigin"": [-32.17000000000001, -11.870000000000003, -27.350000000000005], ""gazedirection"": [-0.05940000000000002, -0.5966000000000002, 0.8003000000000002], ""pupildiameter"": 4.035000000000001}"
45,,0.5544000000000002,1.1457000000000004,"[-106.38000000000002, -773.6900000000002, 1002.2500000000002]",{},"{""gazeorigin"": [-32.18000000000001, -11.840000000000002, -27.340000000000007], ""gazedirection"": [-0.05780000000000002, -0.5938000000000002, 0.8025000000000002], ""pupildiameter"": 4.046000000000001}"
46,,0.5567000000000002,1.1521000000000003,"[-91.18000000000002, -641.1900000000002, 822.5100000000001]","{""gazeorigin"": [31.650000000000006, -14.190000000000003, -26.510000000000005], ""gazedirection"": [-0.11570000000000004, -0.5920000000000002, 0.7976000000000003], ""pupildiameter"": 3.942000000000001}","{""gazeorigin"": [-32.18000000000001, -11.820000000000002, -27.330000000000005], ""gazedirection"": [-0.05560000000000002, -0.5923000000000002, 0.8038000000000003], ""pupildiameter"": 4.037000000000001}"
47,,0.5567000000000002,1.1521000000000003,"[-87.25000000000001, -612.7000000000002, 785.8900000000001]","{""gazeorigin"": [31.650000000000006, -14.190000000000003, -26.510000000000005], ""gazedirection"": [-0.11710000000000004, -0.5914000000000001, 0.7979000000000003], ""pupildiameter"": 3.913000000000001}","{""gazeorigin"": [-32.18000000000001, -11.800000000000002, -27.310000000000006], ""gazedirection"": [-0.054300000000000015, -0.5911000000000002, 0.8048000000000003], ""pupildiameter"": 4.024000000000001}"
48,,0.5565000000000002,1.1529000000000003,"[-86.99000000000002, -614.4700000000001, 787.2100000000002]","{""gazeorigin"": [31.650000000000006, -14.200000000000003, -26.520000000000007], ""gazedirection"": [-0.11660000000000004, -0.5924000000000001, 0.7972000000000002], ""pupildiameter"": 3.902000000000001}","{""gazeorigin"": [-32.18000000000001, -11.800000000000002, -27.310000000000006], ""gazedirection"": [-0.05390000000000002, -0.5911000000000002, 0.8048000000000003], ""pupildiameter"": 4.011000000000001}"
49,,0.5563000000000001,1.1530000000000005,"[-87.39000000000001, -620.2800000000001, 794.5200000000002]","{""gazeorigin"": [31.660000000000007, -14.200000000000003, -26.530000000000005], ""gazedirection"": [-0.11600000000000003, -0.5930000000000002, 0.7968000000000003], ""pupildiameter"": 3.898000000000001}","{""gazeorigin"": [-32.17000000000001, -11.810000000000002, -27.300000000000004], ""gazedirection"": [-0.053800000000000014, -0.5911000000000002, 0.8048000000000003], ""pupildiameter"": 4.001000000000001}"
50,,0.5446000000000002,1.1499000000000004,"[-177.60000000000002, -1615.5100000000002, 2079.28]","{""gazeorigin"": [31.690000000000005, -14.020000000000003, -27.100000000000005], ""gazedirection"": [-0.07920000000000002, -0.6156000000000001, 0.7841000000000002], ""pupildiameter"": 3.999000000000001}","{""gazeorigin"": [-32.17000000000001, -11.820000000000002, -27.300000000000004], ""gazedirection"": [-0.05440000000000002, -0.5924000000000001, 0.8038000000000003], ""pupildiameter"": 3.994000000000001}"
51,,0.5084000000000002,1.1542000000000003,"[-19.380000000000003, -1623.8700000000003, 2076.0000000000005]","{""gazeorigin"": [32.31000000000001, -12.960000000000003, -28.880000000000006], ""gazedirection"": [0.03220000000000001, -0.6270000000000002, 0.7783000000000002], ""pupildiameter"": 3.925000000000001}","{""gazeorigin"": [-32.150000000000006, -11.610000000000003, -27.170000000000005], ""gazedirection"": [-0.04690000000000002, -0.5878000000000002, 0.8077000000000003], ""pupildiameter"": 3.898000000000001}"
52,,0.5168000000000001,0.8833000000000003,"[-61.780000000000015, -1099.2000000000003, 2388.9300000000003]","{""gazeorigin"": [32.21000000000001, -11.920000000000002, -26.660000000000004], ""gazedirection"": [0.007500000000000002, -0.44370000000000015, 0.8961000000000003], ""pupildiameter"": 4.259000000000001}","{""gazeorigin"": [-32.43000000000001, -9.600000000000001, -26.730000000000004], ""gazedirection"": [-0.05400000000000002, -0.37680000000000013, 0.9247000000000003], ""pupildiameter"": 4.098000000000001}"
53,,0.5554000000000002,0.9215000000000003,"[-22.410000000000004, -105.75000000000001, 209.24000000000004]","{""gazeorigin"": [32.03000000000001, -10.580000000000002, -27.550000000000004], ""gazedirection"": [-0.21020000000000005, -0.41410000000000013, 0.8856000000000003], ""pupildiameter"": 1.7490000000000003}","{""gazeorigin"": [-32.02, -8.600000000000001, -26.460000000000004], ""gazedirection"": [0.039500000000000014, -0.3291000000000001, 0.9435000000000003], ""pupildiameter"": 4.230000000000001}"
54,1790681177.4833498,0.5967000000000002,0.8397000000000002,"[-41.81000000000001, -88.22000000000001, 216.10000000000005]",{},"{""gazeorigin"": [-32.21000000000001, -8.020000000000001, -26.300000000000004], ""gazedirection"": [-0.037600000000000015, -0.3139000000000001, 0.9487000000000003], ""pupildiameter"": 3.5990000000000006}"
55,1790681177.5034387,0.5123000000000002,0.7946000000000003,"[-3.6000000000000005, -79.45000000000002, 223.99000000000004]","{""gazeorigin"": [32.71000000000001, -10.040000000000003, -25.320000000000004], ""gazedirection"": [-0.13890000000000005, -0.26560000000000006, 0.9540000000000003], ""pupildiameter"": 1.4790000000000003}",{}
57,1790681177.5435164,0.48870000000000013,0.46540000000000015,"[471.30000000000007, 460.4400000000001, 13732.910000000003]","{""gazeorigin"": [33.410000000000004, -8.620000000000001, -25.200000000000006], ""gazedirection"": [0.03130000000000001, 0.021900000000000006, 0.9993000000000003], ""pupildiameter"": 3.918000000000001}","{""gazeorigin"": [-31.930000000000007, -6.020000000000001, -25.790000000000006], ""gazedirection"": [0.03700000000000001, 0.04600000000000001, 0.9983000000000003], ""pupildiameter"": 4.227000000000001}"
58,1790681177.5634942,0.48870000000000013,0.48800000000000016,"[471.3200000000001, 95.44000000000001, 13740.600000000002]","{""gazeorigin"": [33.49000000000001, -8.720000000000002, -25.190000000000005], ""gazedirection"": [0.045300000000000014, 0.002500000000000001, 0.9990000000000003], ""pupildiameter"": 4.064000000000001}","{""gazeorigin"": [-32.040000000000006, -6.350000000000001, -25.610000000000007], ""gazedirection"": [0.023000000000000007, 0.012500000000000004, 0.9997000000000004], ""pupildiameter"": 4.087000000000001}"
59,1790681177.583583,0.49290000000000017,0.49290000000000017,"[348.69000000000005, 15.950000000000003, 13745.760000000002]","{""gazeorigin"": [33.52, -9.020000000000001, -24.920000000000005], ""gazedirection"": [0.026900000000000007, 0.0003000000000000001, 0.9996000000000003], ""pupildiameter"": 3.897000000000001}","{""gazeorigin"": [-32.040000000000006, -6.440000000000001, -25.560000000000006], ""gazedirection"": [0.023600000000000006, 0.003100000000000001, 0.9997000000000004], ""pupildiameter"": 3.995000000000001}"
60,1790681177.6035721,0.48810000000000014,0.5041000000000002,"[487.5100000000001, -164.87000000000003, 13740.760000000002]","{""gazeorigin"": [33.550000000000004, -9.080000000000002, -24.920000000000005], ""gazedirection"": [0.03640000000000001, -0.011700000000000004, 0.9993000000000003], ""pupildiameter"": 3.897000000000001}","{""gazeorigin"": [-32.02, -6.560000000000001, -25.460000000000004], ""gazedirection"": [0.03430000000000001, -0.011100000000000004, 0.9993000000000003], ""pupildiameter"": 3.974000000000001}"
61,1790681177.623661,0.4818000000000002,0.5166000000000002,"[665.6000000000001, -366.9000000000001, 13729.270000000002]","{""gazeorigin"": [33.650000000000006, -9.260000000000002, -24.810000000000006], ""gazedirection"": [0.05510000000000002, -0.027900000000000008, 0.9981000000000003], ""pupildiameter"": 4.006000000000001}","{""gazeorigin"": [-31.990000000000006, -6.690000000000001, -25.380000000000006], ""gazedirection"": [0.04140000000000001, -0.024200000000000006, 0.9988000000000004], ""pupildiameter"": 3.9410000000000007}"
62,1790681177.6436386,0.48160000000000014,0.5164000000000002,"[671.5600000000002, -365.00000000000006, 13729.200000000003]","{""gazeorigin"": [33.70000000000001, -9.420000000000002, -24.720000000000006], ""gazedirection"": [0.05450000000000002, -0.026900000000000007, 0.9982000000000003], ""pupildiameter"": 3.915000000000001}","{""gazeorigin"": [-31.970000000000006, -6.710000000000002, -25.370000000000005], ""gazedirection"": [0.042900000000000015, -0.02490000000000001, 0.9988000000000004], ""pupildiameter"": 3.955000000000001}"
63,1790681177.6637275,0.48010000000000014,0.5190000000000001,"[715.7700000000001, -407.06000000000006, 13726.040000000003]","{""gazeorigin"": [33.730000000000004, -9.470000000000002, -24.700000000000006], ""gazedirection"": [0.05460000000000002, -0.02890000000000001, 0.9981000000000003], ""pupildiameter"": 3.919000000000001}","{""gazeorigin"": [-31.940000000000005, -6.760000000000002, -25.330000000000005], ""gazedirection"": [0.049200000000000015, -0.02900000000000001, 0.9984000000000003], ""pupildiameter"": 3.968000000000001}"
64,1790681177.6837165,0.4782000000000001,0.5217000000000002,"[770.9500000000002, -450.12000000000006, 13721.820000000003]","{""gazeorigin"": [33.790000000000006, -9.570000000000002, -24.670000000000005], ""gazedirection"": [0.057000000000000016, -0.03200000000000001, 0.9979000000000003], ""pupildiameter"": 3.903000000000001}","{""gazeorigin"": [-31.900000000000006, -6.810000000000001, -25.310000000000006], ""gazedirection"": [0.054800000000000015, -0.03210000000000001, 0.9980000000000003], ""pupildiameter"": 3.9930000000000008}"
65,1790681177.7038054,0.47640000000000016,0.5252000000000002,"[819.5200000000002, -505.7800000000001, 13717.100000000002]","{""gazeorigin"": [33.830000000000005, -9.600000000000001, -24.680000000000003], ""gazedirection"": [0.06120000000000002, -0.03680000000000001, 0.9974000000000003], ""pupildiameter"": 3.891000000000001}","{""gazeorigin"": [-31.880000000000006, -6.840000000000002, -25.290000000000006], ""gazedirection"": [0.05760000000000002, -0.03540000000000001, 0.9977000000000004], ""pupildiameter"": 3.995000000000001}"
66,1790681177.7237833,0.46960000000000013,0.5379000000000002,"[1014.8400000000001, -710.7700000000001, 13694.690000000002]","{""gazeorigin"": [33.970000000000006, -9.530000000000001, -24.850000000000005], ""gazedirection"": [0.08070000000000002, -0.053300000000000014, 0.9953000000000003], ""pupildiameter"": 4.000000000000001}","{""gazeorigin"": [-31.780000000000005, -6.990000000000001, -25.240000000000006], ""gazedirection"": [0.06650000000000002, -0.048700000000000014, 0.9966000000000003], ""pupildiameter"": 4.011000000000001}"
67,1790681177.7438722,0.47150000000000014,0.5387000000000002,"[958.8400000000001, -722.9300000000002, 13697.770000000002]","{""gazeorigin"": [33.95000000000001, -9.550000000000002, -24.830000000000005], ""gazedirection"": [0.07930000000000002, -0.054300000000000015, 0.9954000000000003], ""pupildiameter"": 3.970000000000001}","{""gazeorigin"": [-31.730000000000008, -6.990000000000001, -25.250000000000004], ""gazedirection"": [0.05970000000000002, -0.04940000000000001, 0.9970000000000003], ""pupildiameter"": 4.010000000000001}"
68,1790681177.763861,0.4646000000000001,0.5469000000000002,"[1155.2900000000002, -854.6900000000002, 13672.390000000003]","{""gazeorigin"": [34.07000000000001, -9.390000000000002, -25.110000000000007], ""gazedirection"": [0.10470000000000003, -0.06750000000000002, 0.9922000000000003], ""pupildiameter"": 4.085000000000001}","{""gazeorigin"": [-31.710000000000004, -7.010000000000002, -25.250000000000004], ""gazedirection"": [0.06290000000000003, -0.05540000000000002, 0.9965000000000003], ""pupildiameter"": 4.009000000000001}"
69,1790681177.7839499,0.46170000000000017,0.5511000000000001,"[1235.0800000000002, -921.8100000000002, 13659.840000000002]","{""gazeorigin"": [34.13000000000001, -9.360000000000001, -25.210000000000004], ""gazedirection"": [0.11380000000000004, -0.07440000000000002, 0.9907000000000004], ""pupildiameter"": 4.083000000000001}","{""gazeorigin"": [-31.690000000000005, -7.040000000000001, -25.250000000000004], ""gazedirection"": [0.06540000000000003, -0.058200000000000016, 0.9962000000000003], ""pupildiameter"": 4.013000000000001}"
70,1790681177.8039277,0.4606000000000001,0.5530000000000002,"[1266.7600000000002, -951.6400000000002, 13655.420000000002]","{""gazeorigin"": [34.150000000000006, -9.350000000000001, -25.250000000000004], ""gazedirection"": [0.11510000000000004, -0.07440000000000002, 0.9906000000000004], ""pupildiameter"": 4.087000000000001}","{""gazeorigin"": [-31.670000000000005, -7.060000000000001, -25.260000000000005], ""gazedirection"": [0.06860000000000002, -0.06260000000000002, 0.9957000000000004], ""pupildiameter"": 4.013000000000001}"
71,1790681177.8240275,0.4596000000000001,0.5538000000000002,"[1295.6500000000003, -964.8300000000002, 13650.610000000002]","{""gazeorigin"": [34.18000000000001, -9.350000000000001, -25.310000000000006], ""gazedirection"": [0.11920000000000004, -0.07970000000000002, 0.9897000000000004], ""pupildiameter"": 4.075000000000001}","{""gazeorigin"": [-31.700000000000006, -7.030000000000001, -25.260000000000005], ""gazedirection"": [0.06880000000000003, -0.059200000000000016, 0.9959000000000003], ""pupildiameter"": 4.016000000000001}"
72,1790681177.8440053,0.45780000000000015,0.5605000000000002,"[1346.3300000000002, -1072.0200000000002, 13637.950000000003]","{""gazeorigin"": [34.21000000000001, -9.350000000000001, -25.350000000000005], ""gazedirection"": [0.12380000000000004, -0.08290000000000003, 0.9888000000000003], ""pupildiameter"": 4.087000000000001}","{""gazeorigin"": [-31.630000000000006, -7.080000000000001, -25.260000000000005], ""gazedirection"": [0.07150000000000002, -0.07160000000000002, 0.9949000000000003], ""pupildiameter"": 4.021000000000001}"
73,1790681177.8640943,0.44260000000000016,0.5679000000000002,"[1772.4600000000003, -1186.9200000000003, 13589.140000000003]","{""gazeorigin"": [34.24000000000001, -9.370000000000001, -25.370000000000005], ""gazedirection"": [0.12620000000000003, -0.08550000000000002, 0.9883000000000003], ""pupildiameter"": 4.082000000000001}",{}
74,1790681177.884072,0.45310000000000017,0.5721000000000002,"[1475.7100000000003, -1254.7500000000002, 13605.060000000003]","{""gazeorigin"": [34.31000000000001, -9.380000000000003, -25.510000000000005], ""gazedirection"": [0.14030000000000004, -0.10360000000000004, 0.9847000000000004], ""pupildiameter"": 4.098000000000001}","{""gazeorigin"": [-31.610000000000007, -7.110000000000001, -25.260000000000005], ""gazedirection"": [0.07380000000000002, -0.07740000000000002, 0.9943000000000003], ""pupildiameter"": 4.029000000000001}"
75,1790681177.904172,0.45720000000000016,0.5656000000000002,"[1359.7500000000002, -1151.9900000000002, 13626.510000000002]","{""gazeorigin"": [34.28000000000001, -9.400000000000002, -25.440000000000005], ""gazedirection"": [0.13170000000000004, -0.09440000000000003, 0.9868000000000003], ""pupildiameter"": 4.092000000000001}","{""gazeorigin"": [-31.640000000000008, -7.110000000000001, -25.260000000000005], ""gazedirection"": [0.06550000000000002, -0.07160000000000002, 0.9953000000000003], ""pupildiameter"": 4.005000000000001}"
76,1790681177.9241498,0.45680000000000015,0.5666000000000002,"[1373.4000000000003, -1168.5300000000002, 13626.220000000003]","{""gazeorigin"": [34.27, -9.390000000000002, -25.450000000000006], ""gazedirection"": [0.12790000000000004, -0.09290000000000002, 0.9874000000000003], ""pupildiameter"": 4.085000000000001}","{""gazeorigin"": [-31.630000000000006, -7.150000000000001, -25.250000000000004], ""gazedirection"": [0.07130000000000002, -0.07550000000000003, 0.9946000000000004], ""pupildiameter"": 4.014000000000001}"
77,1790681177.9442387,0.45650000000000013,0.5818000000000002,"[1377.3100000000002, -1410.3200000000002, 13604.740000000003]","{""gazeorigin"": [34.230000000000004, -9.490000000000002, -25.410000000000004], ""gazedirection"": [0.12510000000000004, -0.10570000000000003, 0.9865000000000003], ""pupildiameter"": 4.066000000000001}","{""gazeorigin"": [-31.660000000000007, -7.260000000000002, -25.290000000000006], ""gazedirection"": [0.07470000000000003, -0.09780000000000003, 0.9924000000000003], ""pupildiameter"": 4.043000000000001}"
78,1790681177.9642165,0.46290000000000014,0.5723000000000001,"[1200.0500000000002, -1260.6900000000003, 13637.540000000003]",{},"{""gazeorigin"": [-31.650000000000006, -7.200000000000001, -25.360000000000007], ""gazedirection"": [0.08940000000000003, -0.09100000000000003, 0.9918000000000003], ""pupildiameter"": 4.040000000000001}"
79,1790681177.9843166,0.3694000000000001,0.5370000000000001,"[3738.3800000000006, -677.5000000000001, 13132.410000000002]","{""gazeorigin"": [36.27000000000001, -8.640000000000002, -27.570000000000004], ""gazedirection"": [0.3383000000000001, -0.12950000000000003, 0.9321000000000003], ""pupildiameter"": 3.0030000000000006}","{""gazeorigin"": [-30.290000000000006, -6.240000000000001, -25.740000000000006], ""gazedirection"": [0.20400000000000007, 0.03230000000000001, 0.9784000000000003], ""pupildiameter"": 4.082000000000001}"
80,1790681178.0042942,0.43530000000000013,0.5203000000000002,"[1984.7200000000005, -427.5100000000001, 13595.520000000002]",{},"{""gazeorigin"": [-30.170000000000005, -6.870000000000001, -25.290000000000006], ""gazedirection"": [0.14630000000000004, -0.03050000000000001, 0.9888000000000003], ""pupildiameter"": 2.3750000000000004}"
85,1790681178.1045277,0.2709000000000001,0.38380000000000014,"[6059.590000000001, 1588.2000000000003, 12228.000000000002]",{},"{""gazeorigin"": [-27.410000000000004, -5.600000000000001, -26.440000000000005], ""gazedirection"": [0.4419000000000001, 0.11570000000000004, 0.8896000000000003], ""pupildiameter"": 4.142000000000001}"
87,1790681178.1446054,0.11840000000000003,0.13760000000000006,"[8329.080000000002, 4296.930000000001, 10044.210000000003]",{},"{""gazeorigin"": [-27.600000000000005, -6.040000000000001, -26.210000000000004], ""gazedirection"": [0.6066000000000001, 0.3124000000000001, 0.7310000000000002], ""pupildiameter"": 4.463000000000001}"
88,1790681178.1645832,0.2963000000000001,0.4112000000000001,"[5521.930000000001, 1217.9200000000003, 12521.910000000002]",{},"{""gazeorigin"": [-28.190000000000005, -5.610000000000001, -26.480000000000004], ""gazedirection"": [0.40290000000000015, 0.08880000000000003, 0.9109000000000003], ""pupildiameter"": 4.353000000000001}"
89,1790681178.184672,0.2673000000000001,0.3246000000000001,"[6086.890000000001, 2422.8600000000006, 12076.700000000003]",{},"{""gazeorigin"": [-28.740000000000006, -6.590000000000002, -25.370000000000005], ""gazedirection"": [0.4440000000000001, 0.17640000000000006, 0.8785000000000003], ""pupildiameter"": 4.077000000000001}"
90,1790681178.204661,0.2947000000000001,0.3685000000000001,"[5535.780000000001, 1842.2200000000003, 12439.740000000002]",{},"{""gazeorigin"": [-29.060000000000006, -6.610000000000001, -25.310000000000006], ""gazedirection"": [0.40400000000000014, 0.13420000000000004, 0.9049000000000003], ""pupildiameter"": 4.187000000000001}"
91,1790681178.2247498,0.2884000000000001,0.3684000000000001,"[5674.3200000000015, 1834.5200000000004, 12378.090000000002]",{},"{""gazeorigin"": [-29.130000000000006, -6.600000000000001, -25.300000000000004], ""gazedirection"": [0.41400000000000015, 0.13370000000000004, 0.9004000000000003], ""pupildiameter"": 4.141000000000001}"
92,1790681178.2447276,0.3157000000000001,0.3961000000000001,"[5072.500000000001, 1461.3100000000002, 12686.150000000003]",{},"{""gazeorigin"": [-29.450000000000006, -6.6400000000000015, -25.190000000000005], ""gazedirection"": [0.3704000000000001, 0.10660000000000003, 0.9228000000000003], ""pupildiameter"": 4.103000000000001}"
93,1790681178.2648165,0.3403000000000001,0.4078000000000001,"[679.3200000000002, 198.25000000000003, 1956.8400000000004]","{""gazeorigin"": [36.580000000000005, -7.8900000000000015, -27.030000000000005], ""gazedirection"": [0.30630000000000007, 0.07250000000000002, 0.9492000000000003], ""pupildiameter"": 4.339000000000001}","{""gazeorigin"": [-29.800000000000004, -6.760000000000002, -24.960000000000004], ""gazedirection"": [0.33550000000000013, 0.12260000000000004, 0.9340000000000003], ""pupildiameter"": 4.012000000000001}"
94,1790681178.2848053,0.39780000000000015,0.44220000000000015,"[457.0000000000001, 122.85000000000002, 2029.1500000000003]",{},"{""gazeorigin"": [-30.150000000000006, -6.200000000000001, -25.450000000000006], ""gazedirection"": [0.23030000000000006, 0.06100000000000002, 0.9712000000000003], ""pupildiameter"": 3.930000000000001}"
95,1790681178.3048942,0.39730000000000015,0.44320000000000015,"[459.1400000000001, 120.54000000000002, 2028.7900000000004]",{},"{""gazeorigin"": [-30.190000000000005, -6.200000000000001, -25.440000000000005], ""gazedirection"": [0.23130000000000006, 0.059900000000000016, 0.9710000000000003], ""pupildiameter"": 4.002000000000001}"
96,1790681178.324872,0.4002000000000001,0.44690000000000013,"[447.3500000000001, 111.82000000000002, 2032.0800000000004]",{},"{""gazeorigin"": [-30.310000000000006, -6.210000000000001, -25.420000000000005], ""gazedirection"": [0.22580000000000008, 0.055800000000000016, 0.9726000000000004], ""pupildiameter"": 4.067000000000001}"
97,1790681178.344961,0.3956000000000001,0.43070000000000014,"[465.68000000000006, 150.18000000000004, 2025.4400000000003]",{},"{""gazeorigin"": [-30.490000000000006, -6.510000000000002, -25.080000000000005], ""gazedirection"": [0.23450000000000007, 0.07410000000000003, 0.9693000000000003], ""pupildiameter"": 4.019000000000001}"
98,1790681178.36495,0.4031000000000001,0.44580000000000014,"[435.2800000000001, 114.55000000000003, 2034.6900000000003]",{},"{""gazeorigin"": [-30.350000000000005, -6.260000000000002, -25.400000000000006], ""gazedirection"": [0.22010000000000007, 0.05710000000000002, 0.9738000000000003], ""pupildiameter"": 4.045000000000001}"
99,1790681178.3850386,0.30330000000000007,0.46550000000000014,"[814.0900000000001, 62.66000000000001, 1913.5800000000004]",{},"{""gazeorigin"": [-29.090000000000007, -7.030000000000001, -25.380000000000006], ""gazedirection"": [0.3986000000000001, 0.03290000000000001, 0.9165000000000003], ""pupildiameter"": 4.138000000000001}"
100,1790681178.4050164,0.3386000000000001,0.5073000000000002,"[687.6000000000001, -32.68000000000001, 1964.5600000000004]",{},"{""gazeorigin"": [-29.100000000000005, -6.8900000000000015, -25.680000000000003], ""gazedirection"": [0.3388000000000001, -0.012200000000000004, 0.9408000000000003], ""pupildiameter"": 4.236000000000001}"
101,1790681178.4251053,0.3243000000000001,0.49970000000000014,"[740.1700000000002, -15.170000000000003, 1945.2100000000005]",{},"{""gazeorigin"": [-29.170000000000005, -7.1400000000000015, -25.430000000000003], ""gazedirection"": [0.36370000000000013, -0.0038000000000000013, 0.9315000000000003], ""pupildiameter"": 4.126000000000001}"
102,1790681178.4450943,0.3238000000000001,0.49570000000000014,"[742.0700000000002, -5.870000000000001, 1944.6300000000003]",{},"{""gazeorigin"": [-29.300000000000004, -7.300000000000002, -25.230000000000004], ""gazedirection"": [0.3646000000000001, 0.0007000000000000002, 0.9312000000000002], ""pupildiameter"": 4.089000000000001}"
103,1790681178.4651833,0.3382000000000001,0.5002000000000002,"[689.2900000000001, -16.290000000000003, 1964.4900000000005]",{},"{""gazeorigin"": [-29.480000000000004, -7.310000000000001, -25.150000000000006], ""gazedirection"": [0.3398000000000001, -0.0042000000000000015, 0.9405000000000003], ""pupildiameter"": 4.093000000000001}"
104,1790681178.4851608,0.3660000000000001,0.5249000000000001,"[583.2300000000001, -74.65000000000002, 1998.2500000000005]",{},"{""gazeorigin"": [-29.640000000000004, -7.030000000000001, -25.410000000000004], ""gazedirection"": [0.28970000000000007, -0.03200000000000001, 0.9566000000000003], ""pupildiameter"": 4.066000000000001}"
105,1790681178.5052497,0.3494000000000001,0.4470000000000001,"[647.4000000000001, 108.15000000000002, 1976.0900000000004]",{},"{""gazeorigin"": [-29.870000000000005, -7.580000000000002, -24.730000000000004], ""gazedirection"": [0.3201000000000001, 0.05470000000000002, 0.9458000000000003], ""pupildiameter"": 3.980000000000001}"
106,1790681178.5252388,0.3518000000000001,0.45380000000000015,"[638.2100000000002, 92.44000000000001, 1979.9000000000003]",{},"{""gazeorigin"": [-29.960000000000004, -7.450000000000001, -24.840000000000003], ""gazedirection"": [0.3158000000000001, 0.04720000000000001, 0.9476000000000003], ""pupildiameter"": 4.019000000000001}"
107,1790681178.5453277,0.3685000000000001,0.4944000000000002,"[574.0500000000001, -2.4000000000000004, 2002.3400000000004]",{},"{""gazeorigin"": [-30.020000000000007, -7.200000000000001, -25.090000000000003], ""gazedirection"": [0.2855000000000001, 0.002300000000000001, 0.9584000000000003], ""pupildiameter"": 3.959000000000001}"
108,1790681178.5653055,0.3870000000000001,0.5220000000000001,"[500.1800000000001, -68.14000000000001, 2021.7800000000004]",{},"{""gazeorigin"": [-30.120000000000005, -7.010000000000002, -25.270000000000007], ""gazedirection"": [0.2507000000000001, -0.02890000000000001, 0.9676000000000003], ""pupildiameter"": 3.918000000000001}"
109,1790681178.5854053,0.40000000000000013,0.5322000000000001,"[447.43000000000006, -92.82000000000002, 2033.7600000000004]",{},"{""gazeorigin"": [-30.240000000000006, -6.980000000000001, -25.330000000000005], ""gazedirection"": [0.22580000000000008, -0.04060000000000001, 0.9733000000000003], ""pupildiameter"": 3.909000000000001}"
110,1790681178.6053832,0.3971000000000001,0.5295000000000002,"[459.3200000000001, -86.39000000000001, 2031.2700000000004]",{},"{""gazeorigin"": [-30.240000000000006, -7.000000000000002, -25.290000000000006], ""gazedirection"": [0.23140000000000008, -0.03750000000000001, 0.9721000000000003], ""pupildiameter"": 3.904000000000001}"
111,1790681178.625472,0.42720000000000014,0.5373000000000002,"[334.6700000000001, -105.92000000000002, 2056.03]",{},"{""gazeorigin"": [-30.580000000000005, -6.920000000000002, -25.350000000000005], ""gazedirection"": [0.17270000000000005, -0.046800000000000015, 0.9839000000000003], ""pupildiameter"": 4.032000000000001}"
112,1790681178.6454499,0.4078000000000001,0.5278000000000002,"[415.18000000000006, -82.29000000000002, 2037.9600000000005]","{""gazeorigin"": [35.34, -9.630000000000003, -25.060000000000006], ""gazedirection"": [0.21510000000000007, -0.024000000000000007, 0.9763000000000003], ""pupildiameter"": 3.986000000000001}","{""gazeorigin"": [-30.610000000000007, -6.950000000000001, -25.340000000000003], ""gazedirection"": [0.17690000000000006, -0.046300000000000015, 0.9831000000000003], ""pupildiameter"": 4.060000000000001}"
113,1790681178.6655498,0.4098000000000001,0.5326000000000002,"[406.5100000000001, -94.00000000000001, 2039.1800000000003]","{""gazeorigin"": [35.31000000000001, -9.640000000000002, -25.060000000000006], ""gazedirection"": [0.21090000000000006, -0.02780000000000001, 0.9771000000000003], ""pupildiameter"": 3.955000000000001}","{""gazeorigin"": [-30.640000000000008, -6.9700000000000015, -25.340000000000003], ""gazedirection"": [0.17300000000000004, -0.053600000000000016, 0.9835000000000003], ""pupildiameter"": 4.008000000000001}"
114,1790681178.6855276,0.41040000000000015,0.5354000000000002,"[404.1600000000001, -100.63000000000002, 2039.3800000000003]","{""gazeorigin"": [35.290000000000006, -9.640000000000002, -25.050000000000004], ""gazedirection"": [0.20880000000000007, -0.03030000000000001, 0.9775000000000003], ""pupildiameter"": 3.938000000000001}","{""gazeorigin"": [-30.680000000000007, -7.000000000000002, -25.330000000000005], ""gazedirection"": [0.17290000000000005, -0.05730000000000002, 0.9833000000000003], ""pupildiameter"": 3.982000000000001}"
115,1790681178.7056165,0.40740000000000015,0.5328000000000002,"[416.6500000000001, -94.27000000000002, 2037.6100000000004]","{""gazeorigin"": [35.28000000000001, -9.640000000000002, -25.050000000000004], ""gazedirection"": [0.20720000000000008, -0.03200000000000001, 0.9778000000000003], ""pupildiameter"": 3.940000000000001}","{""gazeorigin"": [-30.720000000000006, -7.1400000000000015, -25.170000000000005], ""gazedirection"": [0.18640000000000007, -0.04960000000000002, 0.9812000000000003], ""pupildiameter"": 3.950000000000001}"
116,1790681178.7255943,0.4061000000000001,0.5324000000000002,"[421.9100000000001, -93.40000000000002, 2036.7500000000005]","{""gazeorigin"": [35.260000000000005, -9.640000000000002, -25.050000000000004], ""gazedirection"": [0.20490000000000005, -0.03380000000000001, 0.9782000000000003], ""pupildiameter"": 3.934000000000001}","{""gazeorigin"": [-30.750000000000007, -7.240000000000001, -25.070000000000004], ""gazedirection"": [0.19360000000000005, -0.046800000000000015, 0.9800000000000003], ""pupildiameter"": 3.924000000000001}"
117,1790681178.7456942,0.40590000000000015,0.5322000000000001,"[422.80000000000007, -92.82000000000002, 2036.6700000000003]","{""gazeorigin"": [35.24000000000001, -9.640000000000002, -25.050000000000004], ""gazedirection"": [0.20270000000000007, -0.03550000000000001, 0.9786000000000004], ""pupildiameter"": 3.940000000000001}","{""gazeorigin"": [-30.780000000000005, -7.300000000000002, -25.010000000000005], ""gazedirection"": [0.19670000000000007, -0.044600000000000015, 0.9794000000000003], ""pupildiameter"": 3.9290000000000007}"
118,1790681178.765672,0.41210000000000013,0.5338000000000002,"[396.00000000000006, -96.48000000000002, 2035.3200000000004]",{},"{""gazeorigin"": [-30.810000000000006, -7.380000000000002, -24.930000000000003], ""gazedirection"": [0.20270000000000007, -0.04230000000000001, 0.9783000000000003], ""pupildiameter"": 3.909000000000001}"
119,1790681178.7857609,0.41050000000000014,0.5328000000000002,"[402.61000000000007, -94.08000000000001, 2034.0800000000004]",{},"{""gazeorigin"": [-30.820000000000007, -7.420000000000002, -24.890000000000004], ""gazedirection"": [0.20580000000000007, -0.041200000000000014, 0.9777000000000003], ""pupildiameter"": 3.890000000000001}"
120,1790681178.8057387,0.4093000000000001,0.5316000000000002,"[407.80000000000007, -91.23000000000002, 2033.1400000000003]",{},"{""gazeorigin"": [-30.840000000000007, -7.460000000000002, -24.840000000000003], ""gazedirection"": [0.20830000000000007, -0.039800000000000016, 0.9773000000000003], ""pupildiameter"": 3.882000000000001}"
121,1790681178.8258388,0.4082000000000001,0.5307000000000002,"[412.24000000000007, -89.00000000000001, 2032.3200000000004]",{},"{""gazeorigin"": [-30.860000000000007, -7.490000000000001, -24.800000000000004], ""gazedirection"": [0.21040000000000006, -0.03870000000000001, 0.9768000000000003], ""pupildiameter"": 3.877000000000001}"
122,1790681178.8458166,0.4062000000000001,0.5291000000000001,"[420.44000000000005, -85.18000000000002, 2030.7300000000005]",{},"{""gazeorigin"": [-30.870000000000005, -7.540000000000002, -24.760000000000005], ""gazedirection"": [0.21430000000000007, -0.03690000000000001, 0.9761000000000003], ""pupildiameter"": 3.878000000000001}"
123,1790681178.8659053,0.4142000000000001,0.5410000000000001,"[387.1600000000001, -113.88000000000002, 2036.3900000000003]",{},"{""gazeorigin"": [-30.940000000000005, -7.550000000000002, -24.820000000000004], ""gazedirection"": [0.19850000000000007, -0.05050000000000002, 0.9788000000000003], ""pupildiameter"": 3.877000000000001}"
124,1790681178.8858943,0.4258000000000001,0.6169000000000002,"[336.2800000000001, -295.00000000000006, 2030.9400000000003]","{""gazeorigin"": [34.830000000000005, -9.780000000000001, -25.810000000000006], ""gazedirection"": [0.20840000000000006, -0.14550000000000005, 0.9672000000000003], ""pupildiameter"": 4.097000000000001}","{""gazeorigin"": [-31.160000000000007, -7.6800000000000015, -25.340000000000003], ""gazedirection"": [0.10930000000000004, -0.12640000000000004, 0.9859000000000003], ""pupildiameter"": 4.065000000000001}"
125,1790681178.9059832,0.4219000000000001,0.6141000000000002,"[352.50000000000006, -288.1700000000001, 2029.3200000000004]","{""gazeorigin"": [34.870000000000005, -9.760000000000002, -25.810000000000006], ""gazedirection"": [0.21550000000000008, -0.13770000000000004, 0.9668000000000003], ""pupildiameter"": 4.168000000000001}","{""gazeorigin"": [-31.170000000000005, -7.700000000000001, -25.340000000000003], ""gazedirection"": [0.11760000000000004, -0.12770000000000004, 0.9848000000000003], ""pupildiameter"": 4.071000000000001}"
126,1790681178.925961,0.41640000000000016,0.6179000000000002,"[374.94000000000005, -296.65000000000003, 2023.5900000000004]","{""gazeorigin"": [34.910000000000004, -9.720000000000002, -25.880000000000006], ""gazedirection"": [0.23070000000000007, -0.14500000000000005, 0.9622000000000003], ""pupildiameter"": 4.223000000000001}","{""gazeorigin"": [-31.190000000000005, -7.760000000000002, -25.290000000000006], ""gazedirection"": [0.12370000000000005, -0.12840000000000004, 0.9840000000000003], ""pupildiameter"": 4.054000000000001}"
127,1790681178.94605,0.4147000000000001,0.6179000000000002,"[382.1500000000001, -296.38000000000005, 2022.4200000000003]","{""gazeorigin"": [34.92000000000001, -9.720000000000002, -25.880000000000006], ""gazedirection"": [0.23320000000000007, -0.14490000000000006, 0.9616000000000003], ""pupildiameter"": 4.239000000000001}","{""gazeorigin"": [-31.190000000000005, -7.800000000000002, -25.260000000000005], ""gazedirection"": [0.12800000000000003, -0.12830000000000005, 0.9834000000000003], ""pupildiameter"": 4.053000000000001}"
128,1790681178.9660387,0.4153000000000001,0.6167000000000002,"[379.7700000000001, -293.8500000000001, 2023.7700000000004]","{""gazeorigin"": [34.92000000000001, -9.730000000000002, -25.860000000000007], ""gazedirection"": [0.22760000000000008, -0.14250000000000004, 0.9633000000000003], ""pupildiameter"": 4.237000000000001}","{""gazeorigin"": [-31.190000000000005, -7.820000000000001, -25.240000000000006], ""gazedirection"": [0.13130000000000006, -0.12820000000000004, 0.9830000000000003], ""pupildiameter"": 4.052000000000001}"
129,1790681178.9861276,0.4148000000000001,0.6163000000000002,"[381.9700000000001, -292.82000000000005, 2023.7000000000005]","{""gazeorigin"": [34.93000000000001, -9.740000000000002, -25.850000000000005], ""gazedirection"": [0.22690000000000007, -0.14220000000000005, 0.9635000000000004], ""pupildiameter"": 4.243000000000001}","{""gazeorigin"": [-31.190000000000005, -7.840000000000002, -25.230000000000004], ""gazedirection"": [0.13410000000000005, -0.12750000000000003, 0.9827000000000004], ""pupildiameter"": 4.057000000000001}"
130,1790681179.0061054,0.4142000000000001,0.6157000000000002,"[384.49000000000007, -291.24000000000007, 2023.5500000000004]","{""gazeorigin"": [34.940000000000005, -9.740000000000002, -25.850000000000005], ""gazedirection"": [0.22720000000000007, -0.14130000000000004, 0.9635000000000004], ""pupildiameter"": 4.250000000000001}","{""gazeorigin"": [-31.180000000000007, -7.850000000000001, -25.220000000000006], ""gazedirection"": [0.13620000000000004, -0.12690000000000004, 0.9825000000000003], ""pupildiameter"": 4.068000000000001}"
131,1790681179.0261943,0.4132000000000001,0.6149000000000002,"[388.3300000000001, -289.50000000000006, 2023.1200000000003]","{""gazeorigin"": [34.970000000000006, -9.740000000000002, -25.850000000000005], ""gazedirection"": [0.22860000000000008, -0.14050000000000004, 0.9633000000000003], ""pupildiameter"": 4.262000000000001}","{""gazeorigin"": [-31.180000000000007, -7.850000000000001, -25.210000000000004], ""gazedirection"": [0.13840000000000005, -0.12610000000000005, 0.9823000000000003], ""pupildiameter"": 4.082000000000001}"
132,1790681179.046183,0.4123000000000001,0.6148000000000002,"[392.18000000000006, -289.03000000000003, 2022.4700000000005]","{""gazeorigin"": [34.99000000000001, -9.740000000000002, -25.850000000000005], ""gazedirection"": [0.23030000000000006, -0.14040000000000005, 0.9629000000000003], ""pupildiameter"": 4.280000000000001}","{""gazeorigin"": [-31.170000000000005, -7.860000000000001, -25.210000000000004], ""gazedirection"": [0.14030000000000004, -0.12580000000000005, 0.9821000000000003], ""pupildiameter"": 4.089000000000001}"
133,1790681179.066272,0.4390000000000001,0.6049000000000002,"[281.68000000000006, -267.34000000000003, 2041.1700000000003]",{},"{""gazeorigin"": [-31.160000000000007, -7.920000000000002, -25.130000000000006], ""gazedirection"": [0.14860000000000004, -0.12320000000000005, 0.9812000000000003], ""pupildiameter"": 4.079000000000001}"
134,1790681179.0862498,0.4334000000000001,0.6020000000000002,"[304.90000000000003, -260.13000000000005, 2038.5100000000004]",{},"{""gazeorigin"": [-31.150000000000006, -8.000000000000002, -25.040000000000006], ""gazedirection"": [0.15960000000000005, -0.11970000000000004, 0.9799000000000003], ""pupildiameter"": 4.092000000000001}"
135,1790681179.1063387,0.41600000000000015,0.6012000000000002,"[377.26000000000005, -257.09000000000003, 2026.0000000000005]",{},"{""gazeorigin"": [-30.930000000000007, -8.080000000000002, -24.880000000000006], ""gazedirection"": [0.19380000000000006, -0.11820000000000004, 0.9739000000000003], ""pupildiameter"": 4.199000000000001}"
136,1790681179.1263275,0.42410000000000014,0.6064000000000002,"[343.5400000000001, -269.87000000000006, 2030.4700000000005]",{},"{""gazeorigin"": [-30.710000000000004, -7.770000000000001, -25.250000000000004], ""gazedirection"": [0.17770000000000005, -0.12450000000000004, 0.9762000000000003], ""pupildiameter"": 4.154000000000001}"
137,1790681179.1464164,0.41800000000000015,0.6079000000000002,"[368.37000000000006, -273.02000000000004, 2025.5200000000004]",{},"{""gazeorigin"": [-30.700000000000006, -7.880000000000002, -25.140000000000004], ""gazedirection"": [0.18950000000000006, -0.12590000000000004, 0.9738000000000003], ""pupildiameter"": 4.130000000000001}"
138,1790681179.1663942,0.41560000000000014,0.6078000000000002,"[378.61000000000007, -272.52000000000004, 2023.6000000000004]",{},"{""gazeorigin"": [-30.690000000000005, -7.900000000000001, -25.100000000000005], ""gazedirection"": [0.19440000000000007, -0.12570000000000003, 0.9728000000000003], ""pupildiameter"": 4.133000000000001}"
139,1790681179.1864831,0.41460000000000014,0.6091000000000002,"[382.38000000000005, -275.36000000000007, 2022.5000000000005]",{},"{""gazeorigin"": [-30.690000000000005, -7.9300000000000015, -25.080000000000005], ""gazedirection"": [0.19610000000000005, -0.12700000000000003, 0.9723000000000003], ""pupildiameter"": 4.126000000000001}"
140,1790681179.2064722,0.4168000000000001,0.6131000000000002,"[373.0200000000001, -284.95000000000005, 2023.0500000000004]",{},"{""gazeorigin"": [-30.670000000000005, -7.900000000000001, -25.120000000000005], ""gazedirection"": [0.19170000000000006, -0.13160000000000005, 0.9726000000000004], ""pupildiameter"": 4.140000000000001}"
141,1790681179.2265608,0.4182000000000001,0.6157000000000002,"[367.39000000000004, -291.20000000000005, 2023.2700000000004]",{},"{""gazeorigin"": [-30.660000000000007, -7.880000000000002, -25.150000000000006], ""gazedirection"": [0.18900000000000006, -0.13450000000000004, 0.9727000000000003], ""pupildiameter"": 4.145000000000001}"
142,1790681179.2465386,0.41890000000000016,0.6180000000000002,"[364.05000000000007, -296.75000000000006, 2023.1200000000003]",{},"{""gazeorigin"": [-30.660000000000007, -7.880000000000002, -25.160000000000004], ""gazedirection"": [0.18740000000000007, -0.13720000000000004, 0.9727000000000003], ""pupildiameter"": 4.146000000000001}"
143,1790681179.2666276,0.41950000000000015,0.6195000000000002,"[361.5200000000001, -300.18000000000006, 2023.1100000000004]",{},"{""gazeorigin"": [-30.650000000000006, -7.870000000000002, -25.180000000000003], ""gazedirection"": [0.18620000000000006, -0.13880000000000003, 0.9727000000000003], ""pupildiameter"": 4.152000000000001}"
144,1790681179.2866166,0.41390000000000016,0.6112000000000002,"[385.31000000000006, -280.26000000000005, 2021.2800000000004]",{},"{""gazeorigin"": [-30.670000000000005, -7.9700000000000015, -25.070000000000004], ""gazedirection"": [0.19750000000000006, -0.12930000000000005, 0.9717000000000003], ""pupildiameter"": 4.119000000000001}"
145,1790681179.3067055,0.4107000000000001,0.6115000000000002,"[398.1700000000001, -280.71000000000004, 2018.6400000000003]",{},"{""gazeorigin"": [-30.670000000000005, -8.030000000000001, -25.000000000000004], ""gazedirection"": [0.20360000000000006, -0.12950000000000003, 0.9704000000000003], ""pupildiameter"": 4.120000000000001}"
146,1790681179.326683,0.41910000000000014,0.6239000000000002,"[363.0300000000001, -310.55000000000007, 2021.3900000000003]",{},"{""gazeorigin"": [-30.740000000000006, -7.980000000000001, -25.100000000000005], ""gazedirection"": [0.18700000000000006, -0.14370000000000005, 0.9718000000000003], ""pupildiameter"": 4.193000000000001}"
147,1790681179.3467832,0.4178000000000001,0.6241000000000002,"[368.45000000000005, -310.9100000000001, 2020.3100000000004]",{},"{""gazeorigin"": [-30.730000000000008, -8.010000000000002, -25.080000000000005], ""gazedirection"": [0.18960000000000007, -0.14380000000000004, 0.9713000000000003], ""pupildiameter"": 4.195000000000001}"
148,1790681179.366761,0.4178000000000001,0.6234000000000002,"[368.5300000000001, -309.11000000000007, 2020.5800000000004]",{},"{""gazeorigin"": [-30.740000000000006, -8.020000000000001, -25.070000000000004], ""gazedirection"": [0.18960000000000007, -0.14300000000000004, 0.9714000000000003], ""pupildiameter"": 4.223000000000001}"
149,1790681179.3868499,0.4177000000000001,0.6246000000000002,"[368.6700000000001, -312.06000000000006, 2020.1200000000003]",{},"{""gazeorigin"": [-30.740000000000006, -8.040000000000001, -25.060000000000006], ""gazedirection"": [0.18970000000000006, -0.14440000000000006, 0.9712000000000003], ""pupildiameter"": 4.200000000000001}"
150,1790681179.4068277,0.4178000000000001,0.6249000000000002,"[368.2700000000001, -312.64000000000004, 2020.1300000000003]",{},"{""gazeorigin"": [-30.740000000000006, -8.040000000000001, -25.050000000000004], ""gazedirection"": [0.18950000000000006, -0.14460000000000003, 0.9712000000000003], ""pupildiameter"": 4.190000000000001}"
151,1790681179.4269276,0.4177000000000001,0.6261000000000002,"[368.68000000000006, -315.55000000000007, 2019.6000000000004]",{},"{""gazeorigin"": [-30.690000000000005, -8.010000000000002, -25.060000000000006], ""gazedirection"": [0.18960000000000007, -0.14600000000000005, 0.9709000000000003], ""pupildiameter"": 4.166000000000001}"
152,1790681179.4469054,0.4187000000000001,0.6270000000000002,"[364.62000000000006, -317.64000000000004, 2020.0800000000004]",{},"{""gazeorigin"": [-30.700000000000006, -8.010000000000002, -25.050000000000004], ""gazedirection"": [0.18770000000000006, -0.14700000000000005, 0.9712000000000003], ""pupildiameter"": 4.184000000000001}"
153,1790681179.4669943,0.41950000000000015,0.6283000000000002,"[361.1700000000001, -320.81000000000006, 2020.2700000000004]",{},"{""gazeorigin"": [-30.710000000000004, -8.020000000000001, -25.050000000000004], ""gazedirection"": [0.18610000000000007, -0.14850000000000005, 0.9712000000000003], ""pupildiameter"": 4.192000000000001}"
154,1790681179.486972,0.42170000000000013,0.6309000000000002,"[351.9600000000001, -327.0900000000001, 2021.0200000000004]",{},"{""gazeorigin"": [-30.710000000000004, -7.990000000000002, -25.070000000000004], ""gazedirection"": [0.18170000000000006, -0.15150000000000005, 0.9716000000000004], ""pupildiameter"": 4.199000000000001}"
155,1790681179.507072,0.4239000000000001,0.6340000000000002,"[342.5900000000001, -334.4000000000001, 2021.5600000000004]",{},"{""gazeorigin"": [-30.710000000000004, -7.9700000000000015, -25.100000000000005], ""gazedirection"": [0.17730000000000007, -0.15500000000000005, 0.9719000000000003], ""pupildiameter"": 4.200000000000001}"
156,1790681179.5270498,0.42410000000000014,0.6354000000000002,"[341.95000000000005, -337.68000000000006, 2021.1600000000003]",{},"{""gazeorigin"": [-30.700000000000006, -7.9700000000000015, -25.100000000000005], ""gazedirection"": [0.17700000000000005, -0.15660000000000004, 0.9717000000000003], ""pupildiameter"": 4.196000000000001}"
157,1790681179.5471387,0.4243000000000001,0.6370000000000002,"[340.86000000000007, -341.52000000000004, 2020.7300000000005]",{},"{""gazeorigin"": [-30.690000000000005, -7.9700000000000015, -25.100000000000005], ""gazedirection"": [0.17640000000000006, -0.15840000000000004, 0.9715000000000004], ""pupildiameter"": 4.189000000000001}"
158,1790681179.5671165,0.4243000000000001,0.6389000000000002,"[340.81000000000006, -346.00000000000006, 2020.0000000000005]",{},"{""gazeorigin"": [-30.670000000000005, -7.9700000000000015, -25.110000000000007], ""gazedirection"": [0.17640000000000006, -0.16050000000000006, 0.9711000000000003], ""pupildiameter"": 4.170000000000001}"
159,1790681179.5872164,0.42060000000000014,0.6401000000000002,"[355.88000000000005, -348.2800000000001, 2016.8600000000004]",{},"{""gazeorigin"": [-30.600000000000005, -8.000000000000002, -25.100000000000005], ""gazedirection"": [0.18350000000000005, -0.16160000000000005, 0.9696000000000004], ""pupildiameter"": 4.159000000000001}"
160,1790681179.6071942,0.41860000000000014,0.6424000000000002,"[363.7300000000001, -353.50000000000006, 2014.4900000000005]",{},"{""gazeorigin"": [-30.560000000000006, -8.020000000000001, -25.100000000000005], ""gazedirection"": [0.18720000000000006, -0.16410000000000005, 0.9685000000000004], ""pupildiameter"": 4.149000000000001}"
161,1790681179.627283,0.41840000000000016,0.6462000000000002,"[364.56000000000006, -362.11000000000007, 2012.8300000000004]",{},"{""gazeorigin"": [-30.530000000000005, -8.030000000000001, -25.130000000000006], ""gazedirection"": [0.18760000000000007, -0.16810000000000005, 0.9677000000000003], ""pupildiameter"": 4.143000000000001}"
162,1790681179.647261,0.41890000000000016,0.6506000000000002,"[362.14000000000004, -372.26000000000005, 2011.4600000000005]",{},"{""gazeorigin"": [-30.490000000000006, -8.020000000000001, -25.180000000000003], ""gazedirection"": [0.18640000000000007, -0.17300000000000004, 0.9671000000000003], ""pupildiameter"": 4.149000000000001}"
163,1790681179.667361,0.39530000000000015,0.6520000000000002,"[458.5400000000001, -373.5300000000001, 1996.9700000000005]","{""gazeorigin"": [35.61000000000001, -10.680000000000001, -25.460000000000004], ""gazedirection"": [0.24650000000000008, -0.16530000000000006, 0.9549000000000003], ""pupildiameter"": 4.153000000000001}","{""gazeorigin"": [-30.430000000000007, -8.000000000000002, -25.270000000000007], ""gazedirection"": [0.18650000000000005, -0.18060000000000007, 0.9657000000000003], ""pupildiameter"": 4.163000000000001}"
164,1790681179.6873388,0.37970000000000015,0.6537000000000002,"[520.1000000000001, -374.9100000000001, 1981.0600000000004]","{""gazeorigin"": [36.18000000000001, -9.620000000000001, -27.260000000000005], ""gazedirection"": [0.2745000000000001, -0.16830000000000006, 0.9467000000000003], ""pupildiameter"": 4.483000000000001}","{""gazeorigin"": [-30.380000000000006, -8.240000000000002, -25.230000000000004], ""gazedirection"": [0.21670000000000006, -0.17930000000000007, 0.9596000000000003], ""pupildiameter"": 4.079000000000001}"
165,1790681179.7074275,0.45540000000000014,0.6231000000000002,"[211.89000000000004, -311.4800000000001, 2045.5100000000004]","{""gazeorigin"": [34.720000000000006, -9.980000000000002, -25.770000000000007], ""gazedirection"": [0.14550000000000005, -0.15150000000000005, 0.9777000000000003], ""pupildiameter"": 3.6590000000000007}","{""gazeorigin"": [-31.570000000000007, -7.810000000000001, -25.330000000000005], ""gazedirection"": [0.054300000000000015, -0.13590000000000005, 0.9892000000000003], ""pupildiameter"": 3.794000000000001}"
166,1790681179.7274165,0.5122000000000002,0.5801000000000002,"[-31.500000000000007, -209.66000000000005, 2069.5000000000005]","{""gazeorigin"": [33.400000000000006, -9.920000000000002, -25.070000000000004], ""gazedirection"": [0.016700000000000007, -0.09940000000000003, 0.9949000000000003], ""pupildiameter"": 4.228000000000001}","{""gazeorigin"": [-32.85000000000001, -7.210000000000002, -25.780000000000005], ""gazedirection"": [-0.04690000000000002, -0.09160000000000003, 0.9947000000000004], ""pupildiameter"": 3.827000000000001}"
167,1790681179.7475054,0.5539000000000002,0.5949000000000002,"[-209.67000000000004, -242.98000000000005, 2048.28]","{""gazeorigin"": [32.17000000000001, -9.140000000000002, -25.590000000000003], ""gazedirection"": [-0.015700000000000006, -0.08740000000000003, 0.9960000000000003], ""pupildiameter"": 4.202000000000001}","{""gazeorigin"": [-34.050000000000004, -7.190000000000001, -26.120000000000005], ""gazedirection"": [-0.18250000000000005, -0.13560000000000005, 0.9738000000000003], ""pupildiameter"": 3.652000000000001}"
168,1790681179.7674832,0.6240000000000002,0.5320000000000001,"[-502.0300000000001, -89.26000000000002, 2012.8800000000003]","{""gazeorigin"": [30.740000000000006, -9.060000000000002, -25.530000000000005], ""gazedirection"": [-0.17270000000000005, -0.05710000000000002, 0.9833000000000003], ""pupildiameter"": 4.238000000000001}","{""gazeorigin"": [-35.150000000000006, -6.530000000000001, -26.570000000000004], ""gazedirection"": [-0.3020000000000001, -0.020300000000000006, 0.9531000000000003], ""pupildiameter"": 4.163000000000001}"
169,1790681179.7875721,0.6296000000000002,0.5171000000000001,"[-524.6100000000001, -53.77000000000001, 2007.0800000000004]","{""gazeorigin"": [30.650000000000006, -9.060000000000002, -25.550000000000004], ""gazedirection"": [-0.18220000000000006, -0.057700000000000015, 0.9816000000000004], ""pupildiameter"": 4.275000000000001}","{""gazeorigin"": [-35.39000000000001, -6.480000000000001, -26.630000000000006], ""gazedirection"": [-0.3138000000000001, 0.014000000000000004, 0.9494000000000004], ""pupildiameter"": 4.292000000000001}"
170,1790681179.807561,0.6479000000000003,0.5229000000000001,"[-594.9200000000001, -66.48000000000002, 1983.1000000000004]","{""gazeorigin"": [30.910000000000007, -9.170000000000002, -25.460000000000004], ""gazedirection"": [-0.18970000000000006, -0.05860000000000002, 0.9801000000000003], ""pupildiameter"": 4.196000000000001}","{""gazeorigin"": [-34.99000000000001, -7.050000000000002, -25.880000000000006], ""gazedirection"": [-0.3734000000000001, 0.003200000000000001, 0.9277000000000003], ""pupildiameter"": 4.178000000000001}"
171,1790681179.8276498,0.6347000000000002,0.5334000000000002,"[-543.4800000000001, -91.96000000000002, 1997.3400000000004]","{""gazeorigin"": [31.150000000000006, -9.260000000000002, -25.430000000000003], ""gazedirection"": [-0.16920000000000004, -0.07450000000000002, 0.9828000000000003], ""pupildiameter"": 4.242000000000001}","{""gazeorigin"": [-35.010000000000005, -6.990000000000001, -25.950000000000006], ""gazedirection"": [-0.34510000000000013, -0.005100000000000001, 0.9386000000000003], ""pupildiameter"": 4.160000000000001}"
172,1790681179.8476276,0.6053000000000002,0.5566000000000002,"[-425.6600000000001, -148.64000000000001, 2026.3700000000003]","{""gazeorigin"": [31.460000000000004, -9.320000000000002, -25.440000000000005], ""gazedirection"": [-0.13310000000000005, -0.09250000000000003, 0.9868000000000003], ""pupildiameter"": 4.179000000000001}","{""gazeorigin"": [-34.830000000000005, -6.920000000000002, -25.940000000000005], ""gazedirection"": [-0.2695000000000001, -0.04090000000000001, 0.9621000000000003], ""pupildiameter"": 4.099000000000001}"
173,1790681179.8677166,0.5836000000000002,0.5654000000000002,"[-336.2800000000001, -171.24000000000004, 2044.6500000000003]","{""gazeorigin"": [31.750000000000007, -9.260000000000002, -25.560000000000006], ""gazedirection"": [-0.11460000000000004, -0.08880000000000003, 0.9894000000000003], ""pupildiameter"": 4.244000000000001}","{""gazeorigin"": [-34.60000000000001, -6.9300000000000015, -25.910000000000004], ""gazedirection"": [-0.20340000000000005, -0.06620000000000002, 0.9769000000000003], ""pupildiameter"": 4.069000000000001}"
174,1790681179.8877053,0.5694000000000001,0.5714000000000001,"[-276.58000000000004, -186.46000000000004, 2051.5200000000004]","{""gazeorigin"": [32.050000000000004, -9.370000000000001, -25.520000000000007], ""gazedirection"": [-0.08000000000000003, -0.09920000000000004, 0.9919000000000003], ""pupildiameter"": 4.161000000000001}","{""gazeorigin"": [-34.330000000000005, -7.030000000000001, -25.760000000000005], ""gazedirection"": [-0.18160000000000007, -0.07010000000000002, 0.9809000000000003], ""pupildiameter"": 4.074000000000001}"
175,1790681179.9077942,0.5723000000000001,0.5668000000000002,"[-288.6600000000001, -175.26000000000005, 2049.3100000000004]","{""gazeorigin"": [32.24000000000001, -9.460000000000003, -25.410000000000004], ""gazedirection"": [-0.07420000000000003, -0.10000000000000003, 0.9922000000000003], ""pupildiameter"": 4.136000000000001}","{""gazeorigin"": [-34.02, -7.240000000000001, -25.510000000000005], ""gazedirection"": [-0.19910000000000005, -0.05860000000000002, 0.9782000000000003], ""pupildiameter"": 4.037000000000001}"
176,1790681179.927772,0.5415000000000002,0.5788000000000002,"[-157.60000000000002, -205.66000000000005, 2062.4500000000003]","{""gazeorigin"": [32.540000000000006, -9.400000000000002, -25.580000000000005], ""gazedirection"": [-0.02760000000000001, -0.10940000000000004, 0.9936000000000004], ""pupildiameter"": 4.133000000000001}","{""gazeorigin"": [-33.800000000000004, -7.060000000000001, -25.770000000000007], ""gazedirection"": [-0.12140000000000004, -0.07810000000000003, 0.9895000000000003], ""pupildiameter"": 4.045000000000001}"
177,1790681179.947861,0.5901000000000002,0.5398000000000002,"[-364.4800000000001, -109.68000000000002, 2046.3900000000003]","{""gazeorigin"": [31.940000000000005, -9.820000000000002, -24.740000000000006], ""gazedirection"": [-0.16230000000000006, -0.04210000000000001, 0.9858000000000003], ""pupildiameter"": 3.696000000000001}","{""gazeorigin"": [-34.230000000000004, -6.980000000000001, -25.820000000000004], ""gazedirection"": [-0.18280000000000005, -0.054100000000000016, 0.9817000000000004], ""pupildiameter"": 3.994000000000001}"
178,1790681179.9678497,0.5922000000000002,0.5566000000000002,"[-372.4600000000001, -149.78000000000003, 2040.3500000000004]","{""gazeorigin"": [31.410000000000007, -9.200000000000001, -25.490000000000006], ""gazedirection"": [-0.13650000000000004, -0.08420000000000002, 0.9871000000000003], ""pupildiameter"": 4.172000000000001}","{""gazeorigin"": [-34.67000000000001, -6.850000000000001, -26.000000000000004], ""gazedirection"": [-0.21570000000000006, -0.050400000000000014, 0.9752000000000003], ""pupildiameter"": 3.991000000000001}"
179,1790681179.9879386,0.6087000000000002,0.5240000000000001,"[-441.43000000000006, -71.08000000000001, 2032.7300000000005]","{""gazeorigin"": [31.620000000000005, -9.840000000000002, -24.550000000000004], ""gazedirection"": [-0.20790000000000006, -0.008500000000000002, 0.9781000000000003], ""pupildiameter"": 3.939000000000001}","{""gazeorigin"": [-34.63000000000001, -6.880000000000002, -25.940000000000005], ""gazedirection"": [-0.20990000000000006, -0.05100000000000002, 0.9764000000000003], ""pupildiameter"": 4.018000000000001}"
180,1790681180.0079253,0.6010000000000002,0.5248000000000002,"[-409.7800000000001, -73.26000000000002, 2039.2500000000005]","{""gazeorigin"": [31.830000000000005, -9.840000000000002, -24.570000000000004], ""gazedirection"": [-0.18610000000000007, -0.013000000000000005, 0.9824000000000003], ""pupildiameter"": 3.948000000000001}","{""gazeorigin"": [-34.540000000000006, -6.920000000000002, -25.860000000000007], ""gazedirection"": [-0.20180000000000006, -0.04860000000000002, 0.9782000000000003], ""pupildiameter"": 3.995000000000001}"
181,1790681180.0280142,0.5884000000000001,0.5288000000000002,"[-357.82000000000005, -83.28000000000002, 2048.8]","{""gazeorigin"": [32.03000000000001, -9.880000000000003, -24.570000000000004], ""gazedirection"": [-0.16510000000000005, -0.025300000000000007, 0.9859000000000003], ""pupildiameter"": 3.882000000000001}","{""gazeorigin"": [-34.27, -6.960000000000002, -25.760000000000005], ""gazedirection"": [-0.17360000000000006, -0.045800000000000014, 0.9837000000000004], ""pupildiameter"": 3.968000000000001}"
182,1790681180.048003,0.5706000000000002,0.5403000000000002,"[-281.95000000000005, -111.57000000000002, 2054.7200000000003]","{""gazeorigin"": [32.27, -9.370000000000001, -25.330000000000005], ""gazedirection"": [-0.07470000000000003, -0.07250000000000002, 0.9946000000000004], ""pupildiameter"": 4.001000000000001}","{""gazeorigin"": [-34.07000000000001, -7.100000000000001, -25.560000000000006], ""gazedirection"": [-0.19220000000000007, -0.025600000000000008, 0.9810000000000003], ""pupildiameter"": 3.9450000000000007}"
183,1790681180.0680919,0.5604000000000002,0.5507000000000002,"[-238.50000000000006, -136.79000000000002, 2057.1500000000005]","{""gazeorigin"": [32.43000000000001, -9.280000000000001, -25.520000000000007], ""gazedirection"": [-0.04430000000000001, -0.08750000000000002, 0.9952000000000003], ""pupildiameter"": 4.048000000000001}","{""gazeorigin"": [-33.92000000000001, -7.170000000000002, -25.510000000000005], ""gazedirection"": [-0.18150000000000005, -0.03460000000000001, 0.9828000000000003], ""pupildiameter"": 3.947000000000001}"
184,1790681180.0880697,0.5556000000000002,0.5474000000000002,"[-217.93000000000004, -128.96000000000004, 2058.53]","{""gazeorigin"": [32.63000000000001, -9.260000000000002, -25.490000000000006], ""gazedirection"": [-0.025100000000000008, -0.08210000000000002, 0.9963000000000003], ""pupildiameter"": 3.9690000000000007}","{""gazeorigin"": [-33.78000000000001, -7.250000000000002, -25.410000000000004], ""gazedirection"": [-0.18130000000000004, -0.03250000000000001, 0.9829000000000003], ""pupildiameter"": 3.936000000000001}"
185,1790681180.1081586,0.5478000000000002,0.5515000000000002,"[-184.48000000000005, -139.08000000000004, 2060.8100000000004]","{""gazeorigin"": [32.730000000000004, -9.270000000000001, -25.530000000000005], ""gazedirection"": [-0.007400000000000002, -0.08710000000000002, 0.9962000000000003], ""pupildiameter"": 3.959000000000001}","{""gazeorigin"": [-33.67000000000001, -7.290000000000002, -25.380000000000006], ""gazedirection"": [-0.16730000000000006, -0.037100000000000015, 0.9852000000000003], ""pupildiameter"": 3.927000000000001}"
186,1790681180.1281474,0.5498000000000002,0.5341000000000001,"[-193.63000000000002, -97.31000000000002, 2069.6300000000006]","{""gazeorigin"": [32.900000000000006, -9.910000000000002, -24.790000000000006], ""gazedirection"": [-0.07800000000000003, -0.049900000000000014, 0.9957000000000004], ""pupildiameter"": 3.811000000000001}","{""gazeorigin"": [-33.550000000000004, -7.090000000000002, -25.640000000000004], ""gazedirection"": [-0.10560000000000003, -0.034400000000000014, 0.9938000000000003], ""pupildiameter"": 3.932000000000001}"
187,1790681180.1482363,0.5186000000000002,0.5674000000000001,"[-59.08000000000001, -178.76000000000005, 2069.4000000000005]","{""gazeorigin"": [33.11000000000001, -9.360000000000001, -25.740000000000006], ""gazedirection"": [0.016900000000000005, -0.10950000000000004, 0.9938000000000003], ""pupildiameter"": 3.936000000000001}","{""gazeorigin"": [-33.400000000000006, -7.100000000000001, -25.740000000000006], ""gazedirection"": [-0.07290000000000002, -0.05250000000000002, 0.9960000000000003], ""pupildiameter"": 4.016000000000001}"
188,1790681180.168214,0.5307000000000002,0.5517000000000002,"[-111.52000000000002, -140.58000000000004, 2073.2100000000005]","{""gazeorigin"": [33.160000000000004, -10.010000000000002, -25.030000000000005], ""gazedirection"": [-0.04090000000000001, -0.06480000000000002, 0.9971000000000003], ""pupildiameter"": 3.781000000000001}","{""gazeorigin"": [-33.330000000000005, -7.160000000000001, -25.800000000000004], ""gazedirection"": [-0.06490000000000003, -0.06050000000000002, 0.9961000000000003], ""pupildiameter"": 3.994000000000001}"
189,1790681180.1883142,0.5347000000000002,0.5652000000000001,"[-128.52000000000004, -173.25000000000003, 2070.1200000000003]","{""gazeorigin"": [33.290000000000006, -10.190000000000001, -25.020000000000003], ""gazedirection"": [-0.05970000000000002, -0.07600000000000003, 0.9953000000000003], ""pupildiameter"": 3.7390000000000008}","{""gazeorigin"": [-33.160000000000004, -7.400000000000001, -25.750000000000004], ""gazedirection"": [-0.06240000000000002, -0.08010000000000003, 0.9948000000000004], ""pupildiameter"": 3.903000000000001}"
190,1790681180.2082918,0.5251000000000001,0.5695000000000002,"[-87.12000000000002, -183.98000000000005, 2071.2300000000005]","{""gazeorigin"": [33.43000000000001, -10.180000000000001, -25.220000000000006], ""gazedirection"": [-0.041500000000000016, -0.08370000000000002, 0.9956000000000003], ""pupildiameter"": 3.684000000000001}","{""gazeorigin"": [-33.010000000000005, -7.500000000000002, -25.850000000000005], ""gazedirection"": [-0.041500000000000016, -0.08260000000000002, 0.9957000000000004], ""pupildiameter"": 3.910000000000001}"
191,1790681180.2283807,0.49520000000000014,0.5882000000000002,"[42.010000000000005, -228.93000000000004, 2064.6400000000003]","{""gazeorigin"": [33.650000000000006, -9.490000000000002, -26.420000000000005], ""gazedirection"": [0.07220000000000003, -0.11710000000000004, 0.9905000000000003], ""pupildiameter"": 3.891000000000001}","{""gazeorigin"": [-32.95000000000001, -7.550000000000002, -25.940000000000005], ""gazedirection"": [-0.03260000000000001, -0.09220000000000003, 0.9952000000000003], ""pupildiameter"": 3.8400000000000007}"
192,1790681180.2483585,0.4898000000000002,0.5905000000000001,"[65.15, -234.61000000000004, 2063.6700000000005]","{""gazeorigin"": [33.720000000000006, -9.490000000000002, -26.490000000000006], ""gazedirection"": [0.08110000000000002, -0.11890000000000003, 0.9896000000000004], ""pupildiameter"": 3.912000000000001}","{""gazeorigin"": [-32.85000000000001, -7.6400000000000015, -25.930000000000003], ""gazedirection"": [-0.019600000000000006, -0.09580000000000002, 0.9952000000000003], ""pupildiameter"": 3.833000000000001}"
193,1790681180.2684586,0.49650000000000016,0.5842000000000002,"[36.400000000000006, -219.56000000000003, 2067.8400000000006]","{""gazeorigin"": [33.830000000000005, -9.810000000000002, -26.220000000000006], ""gazedirection"": [0.04880000000000002, -0.10510000000000003, 0.9933000000000003], ""pupildiameter"": 3.846000000000001}","{""gazeorigin"": [-32.800000000000004, -7.670000000000002, -25.910000000000004], ""gazedirection"": [-0.014700000000000005, -0.09510000000000003, 0.9954000000000003], ""pupildiameter"": 3.813000000000001}"
194,1790681180.2884364,0.48860000000000015,0.5875000000000001,"[70.66000000000001, -227.51000000000005, 2065.28]","{""gazeorigin"": [33.800000000000004, -9.680000000000001, -26.300000000000004], ""gazedirection"": [0.07600000000000003, -0.10910000000000003, 0.9911000000000003], ""pupildiameter"": 3.883000000000001}","{""gazeorigin"": [-32.720000000000006, -7.6800000000000015, -25.810000000000006], ""gazedirection"": [-0.009400000000000004, -0.09870000000000004, 0.9951000000000003], ""pupildiameter"": 3.8120000000000007}"
195,1790681180.3085253,0.48030000000000017,0.5845000000000002,"[106.53000000000002, -220.18000000000004, 2065.3200000000006]","{""gazeorigin"": [33.900000000000006, -9.700000000000001, -25.980000000000004], ""gazedirection"": [0.08570000000000003, -0.10940000000000004, 0.9903000000000003], ""pupildiameter"": 3.881000000000001}","{""gazeorigin"": [-32.510000000000005, -7.590000000000002, -25.640000000000004], ""gazedirection"": [0.014800000000000004, -0.09150000000000003, 0.9957000000000004], ""pupildiameter"": 3.858000000000001}"
196,1790681180.328503,0.5085000000000002,0.5818000000000002,"[-23.970000000000006, -334.6500000000001, 3240.0900000000006]","{""gazeorigin"": [33.45000000000001, -10.110000000000001, -25.220000000000006], ""gazedirection"": [-0.017500000000000005, -0.09890000000000003, 0.9949000000000003], ""pupildiameter"": 3.855000000000001}","{""gazeorigin"": [-32.59, -7.620000000000002, -25.630000000000006], ""gazedirection"": [0.0026000000000000007, -0.09960000000000004, 0.9950000000000003], ""pupildiameter"": 3.8280000000000007}"
197,1790681180.348603,0.49860000000000015,0.6090000000000002,"[42.87000000000001, -436.80000000000007, 3226.0200000000004]","{""gazeorigin"": [33.45000000000001, -9.950000000000001, -25.760000000000005], ""gazedirection"": [0.043400000000000015, -0.14610000000000004, 0.9883000000000003], ""pupildiameter"": 3.935000000000001}","{""gazeorigin"": [-32.75000000000001, -7.690000000000001, -25.650000000000006], ""gazedirection"": [-0.017500000000000005, -0.11470000000000004, 0.9932000000000003], ""pupildiameter"": 3.859000000000001}"
198,1790681180.3685808,0.4944000000000002,0.6094000000000002,"[70.57000000000001, -438.2700000000001, 3224.9000000000005]","{""gazeorigin"": [33.52, -9.880000000000003, -25.810000000000006], ""gazedirection"": [0.05610000000000002, -0.14580000000000004, 0.9877000000000004], ""pupildiameter"": 4.039000000000001}","{""gazeorigin"": [-32.74000000000001, -7.690000000000001, -25.640000000000004], ""gazedirection"": [-0.013300000000000005, -0.11590000000000003, 0.9932000000000003], ""pupildiameter"": 3.861000000000001}"
199,1790681180.3886697,0.49070000000000014,0.6127000000000002,"[95.63000000000002, -450.3900000000001, 3222.0900000000006]","{""gazeorigin"": [33.56000000000001, -9.890000000000002, -25.800000000000004], ""gazedirection"": [0.06720000000000002, -0.15220000000000006, 0.9861000000000003], ""pupildiameter"": 4.006000000000001}","{""gazeorigin"": [-32.71000000000001, -7.700000000000001, -25.610000000000007], ""gazedirection"": [-0.009200000000000003, -0.11690000000000003, 0.9931000000000003], ""pupildiameter"": 3.857000000000001}"
200,1790681180.4086475,0.48670000000000013,0.6127000000000002,"[122.27000000000002, -450.1300000000001, 3220.4400000000005]","{""gazeorigin"": [33.650000000000006, -9.930000000000001, -25.750000000000004], ""gazedirection"": [0.07980000000000002, -0.15550000000000005, 0.9846000000000004], ""pupildiameter"": 4.005000000000001}","{""gazeorigin"": [-32.67000000000001, -7.700000000000001, -25.600000000000005], ""gazedirection"": [-0.005600000000000002, -0.11350000000000003, 0.9935000000000003], ""pupildiameter"": 3.8640000000000008}"
201,1790681180.4287474,0.48500000000000015,0.6130000000000002,"[134.22000000000003, -451.43000000000006, 3221.1500000000005]","{""gazeorigin"": [33.690000000000005, -9.950000000000001, -25.660000000000004], ""gazedirection"": [0.07740000000000002, -0.14800000000000005, 0.9860000000000003], ""pupildiameter"": 4.027000000000001}","{""gazeorigin"": [-32.60000000000001, -7.780000000000001, -25.500000000000004], ""gazedirection"": [0.004100000000000001, -0.12170000000000004, 0.9926000000000004], ""pupildiameter"": 3.877000000000001}"
202,1790681180.4487252,0.47900000000000015,0.6186000000000001,"[174.32000000000002, -472.0000000000001, 3214.8200000000006]","{""gazeorigin"": [33.760000000000005, -9.900000000000002, -25.770000000000007], ""gazedirection"": [0.09840000000000003, -0.15960000000000005, 0.9823000000000003], ""pupildiameter"": 4.051000000000001}","{""gazeorigin"": [-32.580000000000005, -7.800000000000002, -25.480000000000004], ""gazedirection"": [0.007500000000000002, -0.12260000000000004, 0.9924000000000003], ""pupildiameter"": 3.888000000000001}"
203,1790681180.4688141,0.47290000000000015,0.6227000000000003,"[214.32000000000005, -486.80000000000007, 3208.6100000000006]","{""gazeorigin"": [33.85000000000001, -9.850000000000001, -25.850000000000005], ""gazedirection"": [0.11870000000000004, -0.16790000000000005, 0.9786000000000004], ""pupildiameter"": 4.110000000000001}","{""gazeorigin"": [-32.56000000000001, -7.810000000000001, -25.460000000000004], ""gazedirection"": [0.011500000000000003, -0.12340000000000004, 0.9923000000000003], ""pupildiameter"": 3.904000000000001}"
204,1790681180.488792,0.4722000000000002,0.6245000000000002,"[219.30000000000004, -493.6000000000001, 3208.4700000000007]","{""gazeorigin"": [33.92000000000001, -9.900000000000002, -25.770000000000007], ""gazedirection"": [0.11440000000000004, -0.16820000000000004, 0.9791000000000003], ""pupildiameter"": 4.127000000000001}","{""gazeorigin"": [-32.50000000000001, -7.860000000000001, -25.400000000000006], ""gazedirection"": [0.018800000000000008, -0.12720000000000004, 0.9917000000000004], ""pupildiameter"": 3.926000000000001}"
205,1790681180.5088918,0.46850000000000014,0.6245000000000002,"[244.06000000000006, -493.3400000000001, 3205.9900000000007]","{""gazeorigin"": [33.95000000000001, -9.920000000000002, -25.740000000000006], ""gazedirection"": [0.12710000000000005, -0.16670000000000004, 0.9778000000000003], ""pupildiameter"": 4.133000000000001}","{""gazeorigin"": [-32.46000000000001, -7.880000000000002, -25.370000000000005], ""gazedirection"": [0.021200000000000007, -0.12850000000000003, 0.9915000000000003], ""pupildiameter"": 3.950000000000001}"
206,1790681180.5288696,0.46890000000000015,0.6246000000000002,"[241.51000000000005, -493.3400000000001, 3205.5200000000004]","{""gazeorigin"": [33.970000000000006, -9.930000000000001, -25.730000000000004], ""gazedirection"": [0.12960000000000005, -0.16750000000000007, 0.9773000000000003], ""pupildiameter"": 4.167000000000001}","{""gazeorigin"": [-32.480000000000004, -7.870000000000002, -25.390000000000004], ""gazedirection"": [0.017100000000000004, -0.12770000000000004, 0.9917000000000004], ""pupildiameter"": 3.9450000000000007}"
207,1790681180.5489585,0.46680000000000016,0.6249000000000002,"[255.34000000000006, -494.5300000000001, 3204.390000000001]","{""gazeorigin"": [33.99000000000001, -9.950000000000001, -25.700000000000006], ""gazedirection"": [0.13410000000000005, -0.16590000000000005, 0.9770000000000003], ""pupildiameter"": 4.192000000000001}","{""gazeorigin"": [-32.43000000000001, -7.8900000000000015, -25.350000000000005], ""gazedirection"": [0.021000000000000008, -0.13000000000000003, 0.9913000000000003], ""pupildiameter"": 3.974000000000001}"
208,1790681180.5689363,0.48540000000000016,0.6405000000000002,"[130.58, -552.8300000000002, 3203.8200000000006]","{""gazeorigin"": [33.70000000000001, -9.850000000000001, -25.750000000000004], ""gazedirection"": [0.09140000000000002, -0.17320000000000005, 0.9806000000000004], ""pupildiameter"": 4.146000000000001}","{""gazeorigin"": [-32.63000000000001, -8.010000000000002, -25.420000000000005], ""gazedirection"": [-0.012200000000000004, -0.15820000000000006, 0.9873000000000003], ""pupildiameter"": 3.769000000000001}"
209,1790681180.5890362,0.5952000000000002,0.6245000000000002,"[-599.6500000000001, -486.5700000000001, 3171.2400000000007]",{},"{""gazeorigin"": [-34.17000000000001, -7.940000000000001, -26.030000000000005], ""gazedirection"": [-0.17230000000000006, -0.14580000000000004, 0.9742000000000003], ""pupildiameter"": 4.063000000000001}"
210,1790681180.609014,0.6437000000000002,0.6430000000000002,"[-898.3900000000002, -540.69, 3082.7900000000004]","{""gazeorigin"": [30.480000000000008, -10.340000000000002, -25.450000000000006], ""gazedirection"": [-0.23380000000000006, -0.18140000000000006, 0.9552000000000003], ""pupildiameter"": 4.617000000000001}","{""gazeorigin"": [-35.660000000000004, -7.850000000000001, -26.730000000000004], ""gazedirection"": [-0.3121000000000001, -0.14260000000000003, 0.9393000000000002], ""pupildiameter"": 3.806000000000001}"
211,1790681180.629103,0.6948000000000002,0.6619000000000003,"[-1188.9000000000003, -588.8000000000001, 2973.9300000000007]","{""gazeorigin"": [29.450000000000006, -10.220000000000002, -25.810000000000006], ""gazedirection"": [-0.3149000000000001, -0.18880000000000005, 0.9302000000000002], ""pupildiameter"": 4.197000000000001}","{""gazeorigin"": [-36.56000000000001, -7.860000000000001, -27.290000000000006], ""gazedirection"": [-0.40740000000000015, -0.16450000000000006, 0.8983000000000003], ""pupildiameter"": 4.149000000000001}"
212,1790681180.649092,0.6911000000000003,0.6612000000000002,"[-1168.5400000000002, -588.1100000000001, 2981.5900000000006]","{""gazeorigin"": [29.520000000000007, -10.240000000000002, -25.740000000000006], ""gazedirection"": [-0.3057000000000001, -0.18750000000000006, 0.9335000000000003], ""pupildiameter"": 4.192000000000001}","{""gazeorigin"": [-36.580000000000005, -7.880000000000002, -27.170000000000005], ""gazedirection"": [-0.4042000000000001, -0.16530000000000006, 0.8996000000000003], ""pupildiameter"": 4.142000000000001}"
213,1790681180.6691809,0.6847000000000002,0.6543000000000002,"[-1134.4900000000002, -566.8900000000001, 2999.6600000000008]","{""gazeorigin"": [29.550000000000004, -10.250000000000002, -25.710000000000004], ""gazedirection"": [-0.3025000000000001, -0.18770000000000006, 0.9345000000000003], ""pupildiameter"": 4.166000000000001}","{""gazeorigin"": [-36.540000000000006, -7.830000000000002, -27.070000000000004], ""gazedirection"": [-0.3867000000000001, -0.15230000000000005, 0.9096000000000003], ""pupildiameter"": 4.044000000000001}"
214,1790681180.6891584,0.6803000000000002,0.6533000000000002,"[-1110.2700000000002, -565.0800000000002, 3009.0100000000007]","{""gazeorigin"": [29.620000000000005, -10.270000000000001, -25.640000000000004], ""gazedirection"": [-0.2956000000000001, -0.18790000000000007, 0.9367000000000003], ""pupildiameter"": 4.140000000000001}","{""gazeorigin"": [-36.52000000000001, -7.820000000000001, -27.030000000000005], ""gazedirection"": [-0.3789000000000001, -0.15100000000000005, 0.9130000000000003], ""pupildiameter"": 4.049000000000001}"
215,1790681180.7092474,0.6754000000000002,0.6567000000000002,"[-1081.64, -578.5900000000001, 3016.9800000000005]","{""gazeorigin"": [29.770000000000007, -10.270000000000001, -25.550000000000004], ""gazedirection"": [-0.2866000000000001, -0.18950000000000006, 0.9391000000000003], ""pupildiameter"": 4.089000000000001}","{""gazeorigin"": [-36.470000000000006, -7.880000000000002, -26.900000000000006], ""gazedirection"": [-0.3705000000000001, -0.15760000000000005, 0.9154000000000003], ""pupildiameter"": 4.068000000000001}"
216,1790681180.7292364,0.6746000000000002,0.6494000000000002,"[-1078.0400000000002, -553.3000000000001, 3021.8100000000004]","{""gazeorigin"": [29.820000000000007, -10.250000000000002, -25.540000000000006], ""gazedirection"": [-0.2819000000000001, -0.18870000000000006, 0.9407000000000003], ""pupildiameter"": 4.083000000000001}","{""gazeorigin"": [-36.470000000000006, -7.840000000000002, -26.940000000000005], ""gazedirection"": [-0.3730000000000001, -0.14300000000000004, 0.9167000000000003], ""pupildiameter"": 4.056000000000001}"
217,1790681180.7493253,0.6707000000000002,0.6519000000000003,"[-1055.4600000000003, -563.6100000000001, 3028.2800000000007]","{""gazeorigin"": [29.870000000000005, -10.240000000000002, -25.530000000000005], ""gazedirection"": [-0.27610000000000007, -0.18890000000000007, 0.9424000000000003], ""pupildiameter"": 4.081000000000001}","{""gazeorigin"": [-36.42000000000001, -7.860000000000001, -26.840000000000007], ""gazedirection"": [-0.3651000000000001, -0.14910000000000004, 0.9190000000000003], ""pupildiameter"": 4.036000000000001}"
218,1790681180.769303,0.6698000000000002,0.6514000000000002,"[-1050.4200000000003, -562.0200000000001, 3030.7300000000005]","{""gazeorigin"": [29.870000000000005, -10.240000000000002, -25.530000000000005], ""gazedirection"": [-0.2769000000000001, -0.18780000000000005, 0.9424000000000003], ""pupildiameter"": 4.082000000000001}","{""gazeorigin"": [-36.400000000000006, -7.850000000000001, -26.830000000000005], ""gazedirection"": [-0.36120000000000013, -0.14920000000000005, 0.9205000000000003], ""pupildiameter"": 4.022000000000001}"
219,1790681180.789392,0.6694000000000002,0.6472000000000002,"[-1048.5800000000002, -547.3900000000001, 3033.1000000000004]","{""gazeorigin"": [29.930000000000007, -10.220000000000002, -25.500000000000004], ""gazedirection"": [-0.2724000000000001, -0.18620000000000006, 0.9440000000000003], ""pupildiameter"": 4.069000000000001}","{""gazeorigin"": [-36.400000000000006, -7.850000000000001, -26.840000000000007], ""gazedirection"": [-0.3646000000000001, -0.14190000000000005, 0.9203000000000003], ""pupildiameter"": 4.031000000000001}"
220,1790681180.8093808,0.6687000000000002,0.6450000000000002,"[-1044.9600000000003, -540.0200000000001, 3035.2000000000007]","{""gazeorigin"": [29.960000000000004, -10.220000000000002, -25.470000000000006], ""gazedirection"": [-0.2698000000000001, -0.18620000000000006, 0.9447000000000003], ""pupildiameter"": 4.053000000000001}","{""gazeorigin"": [-36.38000000000001, -7.840000000000002, -26.830000000000005], ""gazedirection"": [-0.3650000000000001, -0.13740000000000005, 0.9208000000000003], ""pupildiameter"": 4.020000000000001}"
221,1790681180.8294697,0.6682000000000002,0.6409000000000002,"[-1042.63, -525.6600000000001, 3038.1300000000006]","{""gazeorigin"": [29.980000000000008, -10.210000000000003, -25.460000000000004], ""gazedirection"": [-0.26860000000000006, -0.18440000000000006, 0.9454000000000004], ""pupildiameter"": 4.029000000000001}","{""gazeorigin"": [-36.35000000000001, -7.830000000000002, -26.810000000000006], ""gazedirection"": [-0.3649000000000001, -0.13040000000000004, 0.9219000000000003], ""pupildiameter"": 4.006000000000001}"
222,1790681180.8494475,0.6632000000000002,0.6424000000000002,"[-1014.1600000000002, -532.7400000000001, 3047.9300000000007]","{""gazeorigin"": [30.000000000000007, -10.190000000000001, -25.440000000000005], ""gazedirection"": [-0.2657000000000001, -0.18120000000000006, 0.9469000000000003], ""pupildiameter"": 4.014000000000001}","{""gazeorigin"": [-36.28000000000001, -7.820000000000001, -26.700000000000006], ""gazedirection"": [-0.3504000000000001, -0.13800000000000004, 0.9264000000000003], ""pupildiameter"": 3.950000000000001}"
223,1790681180.8695364,0.6652000000000002,0.6356000000000002,"[-1026.0800000000002, -507.9700000000001, 3046.8800000000006]","{""gazeorigin"": [30.020000000000007, -10.180000000000001, -25.440000000000005], ""gazedirection"": [-0.2654000000000001, -0.18010000000000007, 0.9472000000000003], ""pupildiameter"": 4.002000000000001}","{""gazeorigin"": [-36.28000000000001, -7.800000000000002, -26.730000000000004], ""gazedirection"": [-0.3580000000000001, -0.12390000000000004, 0.9255000000000003], ""pupildiameter"": 3.955000000000001}"
224,1790681180.8895252,0.6212000000000002,0.6519000000000003,"[-756.5600000000002, -576.2400000000001, 3100.4700000000007]","{""gazeorigin"": [31.170000000000005, -10.700000000000003, -25.390000000000004], ""gazedirection"": [-0.15110000000000004, -0.23320000000000007, 0.9606000000000003], ""pupildiameter"": 4.654000000000001}","{""gazeorigin"": [-35.18000000000001, -8.05, -26.250000000000004], ""gazedirection"": [-0.3088000000000001, -0.11230000000000004, 0.9445000000000003], ""pupildiameter"": 3.3080000000000007}"
225,1790681180.909614,0.5175000000000002,0.7591000000000002,"[-82.93000000000002, -969.5700000000002, 3102.1500000000005]","{""gazeorigin"": [32.75000000000001, -11.260000000000002, -26.050000000000004], ""gazedirection"": [0.03100000000000001, -0.3389000000000001, 0.9403000000000002], ""pupildiameter"": 3.955000000000001}","{""gazeorigin"": [-32.940000000000005, -9.010000000000002, -25.820000000000004], ""gazedirection"": [-0.08150000000000003, -0.24580000000000007, 0.9659000000000003], ""pupildiameter"": 3.523000000000001}"
226,1790681180.929592,0.48960000000000015,0.8438000000000002,"[94.33000000000001, -1243.0000000000002, 3008.140000000001]","{""gazeorigin"": [33.290000000000006, -11.800000000000002, -26.240000000000006], ""gazedirection"": [0.08210000000000002, -0.3971000000000001, 0.9141000000000002], ""pupildiameter"": 4.075000000000001}","{""gazeorigin"": [-32.120000000000005, -9.720000000000002, -26.140000000000004], ""gazedirection"": [-0.02490000000000001, -0.3538000000000001, 0.9350000000000003], ""pupildiameter"": 3.817000000000001}"
227,1790681180.9496808,0.48010000000000014,0.9026000000000003,"[149.92000000000002, -1417.5600000000002, 2933.0100000000007]","{""gazeorigin"": [33.31000000000001, -12.090000000000002, -26.530000000000005], ""gazedirection"": [0.07710000000000003, -0.44070000000000015, 0.8943000000000003], ""pupildiameter"": 3.787000000000001}","{""gazeorigin"": [-31.770000000000007, -10.270000000000001, -26.330000000000005], ""gazedirection"": [0.013800000000000005, -0.4163000000000001, 0.9091000000000002], ""pupildiameter"": 3.819000000000001}"
228,1790681180.9696696,0.48030000000000017,0.9027000000000003,"[148.80000000000004, -1417.7300000000002, 2932.9200000000005]","{""gazeorigin"": [33.330000000000005, -12.090000000000002, -26.510000000000005], ""gazedirection"": [0.07850000000000003, -0.4384000000000001, 0.8953000000000003], ""pupildiameter"": 3.782000000000001}","{""gazeorigin"": [-31.840000000000007, -10.290000000000003, -26.300000000000004], ""gazedirection"": [0.011700000000000004, -0.4187000000000001, 0.9081000000000002], ""pupildiameter"": 3.763000000000001}"
229,1790681180.9897585,0.48010000000000014,0.9010000000000002,"[150.26000000000002, -1413.0800000000004, 2935.3100000000004]","{""gazeorigin"": [33.35000000000001, -12.070000000000002, -26.480000000000004], ""gazedirection"": [0.07750000000000003, -0.43580000000000013, 0.8967000000000003], ""pupildiameter"": 3.7680000000000007}","{""gazeorigin"": [-31.880000000000006, -10.260000000000002, -26.270000000000007], ""gazedirection"": [0.013700000000000004, -0.41850000000000015, 0.9081000000000002], ""pupildiameter"": 3.763000000000001}"
230,1790681181.0097363,0.47960000000000014,0.8977000000000003,"[153.69000000000003, -1403.6800000000003, 2940.1600000000008]","{""gazeorigin"": [33.38000000000001, -12.040000000000003, -26.410000000000004], ""gazedirection"": [0.07400000000000002, -0.43150000000000016, 0.8991000000000002], ""pupildiameter"": 3.765000000000001}","{""gazeorigin"": [-31.940000000000005, -10.240000000000002, -26.220000000000006], ""gazedirection"": [0.019300000000000005, -0.41710000000000014, 0.9087000000000003], ""pupildiameter"": 3.761000000000001}"
231,1790681181.0298252,0.4818000000000002,0.8936000000000003,"[140.06000000000003, -1392.2500000000002, 2945.9800000000005]","{""gazeorigin"": [33.39000000000001, -12.010000000000002, -26.380000000000006], ""gazedirection"": [0.07140000000000002, -0.42920000000000014, 0.9004000000000003], ""pupildiameter"": 3.755000000000001}","{""gazeorigin"": [-32.00000000000001, -10.160000000000002, -26.180000000000007], ""gazedirection"": [0.013600000000000004, -0.41250000000000014, 0.9109000000000003], ""pupildiameter"": 3.798000000000001}"
232,1790681181.0498142,0.48450000000000015,0.8847000000000003,"[124.36000000000003, -1366.5700000000002, 2958.4800000000005]","{""gazeorigin"": [33.400000000000006, -11.960000000000003, -26.330000000000005], ""gazedirection"": [0.06660000000000002, -0.4224000000000001, 0.9040000000000002], ""pupildiameter"": 3.722000000000001}","{""gazeorigin"": [-32.050000000000004, -10.100000000000001, -26.090000000000003], ""gazedirection"": [0.008800000000000002, -0.4037000000000001, 0.9149000000000003], ""pupildiameter"": 3.803000000000001}"
233,1790681181.069903,0.48450000000000015,0.8787000000000003,"[124.72000000000003, -1349.0800000000002, 2966.3600000000006]","{""gazeorigin"": [33.42000000000001, -11.930000000000001, -26.300000000000004], ""gazedirection"": [0.06620000000000002, -0.41810000000000014, 0.9060000000000002], ""pupildiameter"": 3.7270000000000008}","{""gazeorigin"": [-32.080000000000005, -10.040000000000003, -26.050000000000004], ""gazedirection"": [0.009400000000000004, -0.39730000000000015, 0.9177000000000003], ""pupildiameter"": 3.7920000000000007}"
234,1790681181.0898807,0.48570000000000013,0.8732000000000003,"[117.50000000000003, -1332.9700000000003, 2973.9300000000007]","{""gazeorigin"": [33.43000000000001, -11.880000000000003, -26.250000000000004], ""gazedirection"": [0.06390000000000003, -0.41100000000000014, 0.9094000000000003], ""pupildiameter"": 3.704000000000001}","{""gazeorigin"": [-32.11000000000001, -10.000000000000002, -26.030000000000005], ""gazedirection"": [0.007300000000000003, -0.3946000000000001, 0.9188000000000003], ""pupildiameter"": 3.778000000000001}"
235,1790681181.1099808,0.48550000000000015,0.8643000000000003,"[119.31000000000002, -1306.4700000000003, 2985.4000000000005]","{""gazeorigin"": [33.470000000000006, -11.810000000000002, -26.200000000000006], ""gazedirection"": [0.06470000000000002, -0.4022000000000001, 0.9133000000000003], ""pupildiameter"": 3.712000000000001}","{""gazeorigin"": [-32.120000000000005, -9.920000000000002, -26.000000000000004], ""gazedirection"": [0.007600000000000003, -0.38730000000000014, 0.9219000000000003], ""pupildiameter"": 3.773000000000001}"
236,1790681181.1299586,0.4853000000000002,0.8697000000000003,"[120.38000000000002, -1322.6500000000003, 2978.0300000000007]","{""gazeorigin"": [33.43000000000001, -11.890000000000002, -26.270000000000007], ""gazedirection"": [0.06600000000000002, -0.41160000000000013, 0.9090000000000003], ""pupildiameter"": 3.7430000000000008}","{""gazeorigin"": [-32.120000000000005, -9.950000000000001, -26.010000000000005], ""gazedirection"": [0.0069000000000000025, -0.38780000000000014, 0.9217000000000003], ""pupildiameter"": 3.7760000000000007}"
237,1790681181.1500475,0.5174000000000002,0.9692000000000003,"[-78.12000000000002, -1598.6500000000003, 2843.4400000000005]","{""gazeorigin"": [32.75000000000001, -12.480000000000002, -26.510000000000005], ""gazedirection"": [0.006700000000000002, -0.48550000000000015, 0.8742000000000003], ""pupildiameter"": 3.777000000000001}","{""gazeorigin"": [-32.370000000000005, -10.690000000000001, -26.450000000000006], ""gazedirection"": [-0.05440000000000002, -0.48160000000000014, 0.8747000000000003], ""pupildiameter"": 3.7760000000000007}"
238,1790681181.170025,0.5110000000000001,0.9609000000000003,"[-39.96000000000001, -1577.8000000000004, 2856.1300000000006]","{""gazeorigin"": [32.730000000000004, -12.510000000000002, -26.490000000000006], ""gazedirection"": [0.013400000000000004, -0.48060000000000014, 0.8768000000000002], ""pupildiameter"": 3.754000000000001}","{""gazeorigin"": [-32.39000000000001, -10.670000000000002, -26.530000000000005], ""gazedirection"": [-0.037800000000000014, -0.47380000000000017, 0.8798000000000002], ""pupildiameter"": 3.795000000000001}"
239,1790681181.1901252,0.5107000000000002,0.9597000000000003,"[-37.84000000000001, -1574.6600000000003, 2857.9400000000005]","{""gazeorigin"": [32.760000000000005, -12.500000000000002, -26.490000000000006], ""gazedirection"": [0.012800000000000004, -0.48090000000000016, 0.8767000000000003], ""pupildiameter"": 3.751000000000001}","{""gazeorigin"": [-32.410000000000004, -10.640000000000002, -26.520000000000007], ""gazedirection"": [-0.03590000000000001, -0.4717000000000002, 0.8810000000000002], ""pupildiameter"": 3.837000000000001}"
240,1790681181.210103,0.5099000000000001,0.9499000000000003,"[-33.59, -1549.0400000000002, 2871.8100000000004]","{""gazeorigin"": [32.790000000000006, -12.470000000000002, -26.470000000000006], ""gazedirection"": [0.011000000000000003, -0.4782000000000001, 0.8782000000000003], ""pupildiameter"": 3.759000000000001}","{""gazeorigin"": [-32.440000000000005, -10.550000000000002, -26.490000000000006], ""gazedirection"": [-0.03160000000000001, -0.45870000000000016, 0.8880000000000002], ""pupildiameter"": 3.918000000000001}"
241,1790681181.230192,0.5077000000000002,0.9420000000000003,"[-19.900000000000002, -1527.9200000000003, 2883.2100000000005]","{""gazeorigin"": [32.82000000000001, -12.440000000000003, -26.450000000000006], ""gazedirection"": [0.012800000000000004, -0.47190000000000015, 0.8815000000000003], ""pupildiameter"": 3.7600000000000007}","{""gazeorigin"": [-32.45, -10.500000000000002, -26.470000000000006], ""gazedirection"": [-0.025100000000000008, -0.45220000000000016, 0.8916000000000003], ""pupildiameter"": 3.909000000000001}"
242,1790681181.2501698,0.5037000000000001,0.9329000000000003,"[4.040000000000001, -1503.6300000000003, 2896.1200000000003]","{""gazeorigin"": [32.88000000000001, -12.380000000000003, -26.430000000000007], ""gazedirection"": [0.016700000000000007, -0.4636000000000001, 0.8859000000000002], ""pupildiameter"": 3.769000000000001}","{""gazeorigin"": [-32.42000000000001, -10.500000000000002, -26.350000000000005], ""gazedirection"": [-0.014400000000000005, -0.44570000000000015, 0.8951000000000003], ""pupildiameter"": 3.839000000000001}"
243,1790681181.2702696,0.5024000000000002,0.9297000000000003,"[12.350000000000003, -1494.7900000000002, 2900.4800000000005]","{""gazeorigin"": [32.940000000000005, -12.330000000000002, -26.420000000000005], ""gazedirection"": [0.020700000000000007, -0.46090000000000014, 0.8872000000000003], ""pupildiameter"": 3.775000000000001}","{""gazeorigin"": [-32.42000000000001, -10.440000000000001, -26.370000000000005], ""gazedirection"": [-0.013300000000000005, -0.44310000000000016, 0.8964000000000003], ""pupildiameter"": 3.835000000000001}"
244,1790681181.2902474,0.49950000000000017,0.9273000000000003,"[29.740000000000006, -1488.0900000000004, 2903.6900000000005]","{""gazeorigin"": [33.02, -12.280000000000003, -26.400000000000006], ""gazedirection"": [0.026900000000000007, -0.45850000000000013, 0.8883000000000003], ""pupildiameter"": 3.797000000000001}","{""gazeorigin"": [-32.400000000000006, -10.400000000000002, -26.360000000000007], ""gazedirection"": [-0.009000000000000003, -0.4414000000000001, 0.8972000000000003], ""pupildiameter"": 3.813000000000001}"
245,1790681181.3103364,0.49950000000000017,0.9197000000000003,"[30.170000000000005, -1467.2800000000002, 2914.0300000000007]","{""gazeorigin"": [33.040000000000006, -12.270000000000003, -26.320000000000004], ""gazedirection"": [0.02730000000000001, -0.45480000000000015, 0.8902000000000003], ""pupildiameter"": 3.795000000000001}","{""gazeorigin"": [-32.35000000000001, -10.360000000000001, -26.240000000000006], ""gazedirection"": [-0.009100000000000002, -0.43250000000000016, 0.9016000000000003], ""pupildiameter"": 3.846000000000001}"
246,1790681181.3303142,0.48690000000000017,0.8597000000000002,"[110.50000000000003, -1291.0500000000002, 2987.3400000000006]","{""gazeorigin"": [33.42000000000001, -11.970000000000002, -26.400000000000006], ""gazedirection"": [0.07490000000000002, -0.4298000000000001, 0.8998000000000003], ""pupildiameter"": 4.215000000000001}","{""gazeorigin"": [-32.2, -9.880000000000003, -26.040000000000006], ""gazedirection"": [-0.007900000000000003, -0.3503000000000001, 0.9366000000000003], ""pupildiameter"": 4.459000000000001}"
247,1790681181.350414,0.45840000000000014,0.8146000000000002,"[294.31000000000006, -1149.4000000000003, 3034.3400000000006]",{},"{""gazeorigin"": [-31.320000000000007, -9.580000000000002, -26.080000000000005], ""gazedirection"": [0.09920000000000004, -0.3473000000000001, 0.9325000000000003], ""pupildiameter"": 3.762000000000001}"
248,1790681181.3703918,0.45470000000000016,0.8165000000000002,"[317.06000000000006, -1154.6500000000003, 3029.890000000001]",{},"{""gazeorigin"": [-31.020000000000007, -9.500000000000002, -26.070000000000004], ""gazedirection"": [0.10610000000000003, -0.3489000000000001, 0.9311000000000003], ""pupildiameter"": 3.883000000000001}"
249,1790681181.3904808,0.45420000000000016,0.8096000000000002,"[321.0400000000001, -1132.7600000000002, 3037.5800000000004]",{},"{""gazeorigin"": [-31.030000000000005, -9.480000000000002, -26.030000000000005], ""gazedirection"": [0.10730000000000003, -0.3423000000000001, 0.9335000000000003], ""pupildiameter"": 3.897000000000001}"
250,1790681181.4104698,0.45320000000000016,0.8081000000000003,"[327.6000000000001, -1127.6900000000003, 3038.6900000000005]",{},"{""gazeorigin"": [-31.080000000000005, -9.500000000000002, -26.010000000000005], ""gazedirection"": [0.10930000000000004, -0.3407000000000001, 0.9338000000000003], ""pupildiameter"": 3.888000000000001}"
251,1790681181.4305584,0.45270000000000016,0.8055000000000002,"[330.8400000000001, -1119.3700000000001, 3041.370000000001]",{},"{""gazeorigin"": [-31.050000000000004, -9.500000000000002, -25.980000000000004], ""gazedirection"": [0.11030000000000004, -0.3382000000000001, 0.9346000000000003], ""pupildiameter"": 3.926000000000001}"
252,1790681181.4505363,0.45140000000000013,0.8075000000000002,"[339.2800000000001, -1125.6800000000003, 3038.1100000000006]",{},"{""gazeorigin"": [-31.050000000000004, -9.530000000000001, -25.950000000000006], ""gazedirection"": [0.11280000000000004, -0.3401000000000001, 0.9336000000000003], ""pupildiameter"": 3.963000000000001}"
253,1790681181.4706252,0.4515000000000001,0.8080000000000003,"[338.4200000000001, -1127.0600000000002, 3037.7100000000005]",{},"{""gazeorigin"": [-31.050000000000004, -9.530000000000001, -25.960000000000004], ""gazedirection"": [0.11260000000000003, -0.34050000000000014, 0.9335000000000003], ""pupildiameter"": 3.964000000000001}"
254,1790681181.4906142,0.45180000000000015,0.8099000000000003,"[336.44000000000005, -1133.3000000000002, 3035.6500000000005]",{},"{""gazeorigin"": [-31.090000000000007, -9.550000000000002, -25.970000000000006], ""gazedirection"": [0.11200000000000003, -0.3424000000000001, 0.9329000000000003], ""pupildiameter"": 3.940000000000001}"
255,1790681181.510703,0.43600000000000017,0.8244000000000002,"[432.9200000000001, -1176.2000000000003, 3010.0100000000007]","{""gazeorigin"": [34.760000000000005, -11.180000000000001, -27.250000000000004], ""gazedirection"": [0.14970000000000006, -0.3660000000000001, 0.9185000000000003], ""pupildiameter"": 4.282000000000001}","{""gazeorigin"": [-31.090000000000007, -9.570000000000002, -25.960000000000004], ""gazedirection"": [0.11300000000000003, -0.3444000000000001, 0.9320000000000003], ""pupildiameter"": 3.947000000000001}"
256,1790681181.5306807,0.43700000000000017,0.8279000000000003,"[426.25000000000006, -1187.3800000000003, 3006.7800000000007]","{""gazeorigin"": [34.730000000000004, -11.210000000000003, -27.250000000000004], ""gazedirection"": [0.14480000000000004, -0.3705000000000001, 0.9175000000000003], ""pupildiameter"": 4.242000000000001}","{""gazeorigin"": [-31.090000000000007, -9.600000000000001, -25.960000000000004], ""gazedirection"": [0.11380000000000004, -0.3468000000000001, 0.9310000000000003], ""pupildiameter"": 3.962000000000001}"
257,1790681181.5507696,0.43700000000000017,0.8305000000000002,"[426.12000000000006, -1195.5700000000002, 3003.8000000000006]","{""gazeorigin"": [34.720000000000006, -11.220000000000002, -27.250000000000004], ""gazedirection"": [0.14250000000000004, -0.3720000000000001, 0.9172000000000002], ""pupildiameter"": 4.245000000000001}","{""gazeorigin"": [-31.070000000000007, -9.640000000000002, -25.930000000000003], ""gazedirection"": [0.11600000000000003, -0.3502000000000001, 0.9295000000000003], ""pupildiameter"": 4.007000000000001}"
258,1790681181.5707586,0.44920000000000015,0.8206000000000002,"[350.9800000000001, -1166.3700000000001, 3021.6300000000006]",{},"{""gazeorigin"": [-31.080000000000005, -9.670000000000002, -25.910000000000004], ""gazedirection"": [0.11640000000000003, -0.3524000000000001, 0.9286000000000003], ""pupildiameter"": 4.029000000000001}"
259,1790681181.5908475,0.44910000000000017,0.8237000000000002,"[351.26000000000005, -1176.0500000000002, 3017.9200000000005]",{},"{""gazeorigin"": [-31.090000000000007, -9.710000000000003, -25.900000000000006], ""gazedirection"": [0.11650000000000003, -0.3554000000000001, 0.9274000000000003], ""pupildiameter"": 4.050000000000001}"
260,1790681181.6108253,0.4692000000000002,0.8549000000000003,"[221.73000000000005, -1276.1800000000003, 2991.370000000001]",{},"{""gazeorigin"": [-31.330000000000005, -9.990000000000002, -25.930000000000003], ""gazedirection"": [0.07710000000000003, -0.38580000000000014, 0.9194000000000003], ""pupildiameter"": 4.122000000000001}"
261,1790681181.6309142,0.4424000000000001,0.8795000000000003,"[383.57000000000005, -1342.8700000000003, 2943.3800000000006]","{""gazeorigin"": [33.99000000000001, -11.950000000000003, -26.400000000000006], ""gazedirection"": [0.16920000000000004, -0.41750000000000015, 0.8928000000000003], ""pupildiameter"": 4.141000000000001}","{""gazeorigin"": [-31.460000000000004, -10.050000000000002, -25.990000000000006], ""gazedirection"": [0.06370000000000002, -0.3942000000000001, 0.9168000000000003], ""pupildiameter"": 4.137000000000001}"
262,1790681181.650903,0.44180000000000014,0.8788000000000002,"[387.9500000000001, -1340.6600000000003, 2944.1500000000005]","{""gazeorigin"": [34.00000000000001, -11.940000000000003, -26.380000000000006], ""gazedirection"": [0.16910000000000006, -0.41560000000000014, 0.8937000000000003], ""pupildiameter"": 4.136000000000001}","{""gazeorigin"": [-31.500000000000007, -10.050000000000002, -26.000000000000004], ""gazedirection"": [0.06650000000000002, -0.3947000000000001, 0.9164000000000003], ""pupildiameter"": 4.169000000000001}"
263,1790681181.670992,0.4419000000000001,0.8787000000000003,"[387.2200000000001, -1340.4600000000003, 2944.5300000000007]","{""gazeorigin"": [34.00000000000001, -11.940000000000003, -26.370000000000005], ""gazedirection"": [0.16790000000000005, -0.4153000000000001, 0.8940000000000002], ""pupildiameter"": 4.133000000000001}","{""gazeorigin"": [-31.520000000000007, -10.040000000000003, -26.000000000000004], ""gazedirection"": [0.06730000000000003, -0.39490000000000014, 0.9163000000000003], ""pupildiameter"": 4.168000000000001}"
264,1790681181.6909697,0.4420000000000001,0.8778000000000002,"[386.43000000000006, -1337.8400000000004, 2945.7900000000004]","{""gazeorigin"": [34.00000000000001, -11.940000000000003, -26.360000000000007], ""gazedirection"": [0.16780000000000006, -0.41450000000000015, 0.8944000000000003], ""pupildiameter"": 4.128000000000001}","{""gazeorigin"": [-31.530000000000005, -10.030000000000001, -26.000000000000004], ""gazedirection"": [0.06690000000000002, -0.39400000000000013, 0.9167000000000003], ""pupildiameter"": 4.156000000000001}"
265,1790681181.7110586,0.44230000000000014,0.8772000000000003,"[385.0400000000001, -1336.2200000000003, 2946.6900000000005]","{""gazeorigin"": [34.00000000000001, -11.930000000000001, -26.350000000000005], ""gazedirection"": [0.16740000000000005, -0.41410000000000013, 0.8947000000000003], ""pupildiameter"": 4.133000000000001}","{""gazeorigin"": [-31.540000000000006, -10.020000000000001, -25.990000000000006], ""gazedirection"": [0.06650000000000002, -0.3935000000000001, 0.9169000000000003], ""pupildiameter"": 4.152000000000001}"
266,1790681181.7310474,0.4435000000000001,0.8758000000000002,"[377.99000000000007, -1332.6500000000003, 2949.6900000000005]","{""gazeorigin"": [34.00000000000001, -11.930000000000001, -26.330000000000005], ""gazedirection"": [0.16280000000000006, -0.4123000000000001, 0.8964000000000003], ""pupildiameter"": 4.134000000000001}","{""gazeorigin"": [-31.550000000000008, -10.020000000000001, -25.980000000000004], ""gazedirection"": [0.06680000000000003, -0.3931000000000001, 0.9171000000000002], ""pupildiameter"": 4.147000000000001}"
267,1790681181.7511363,0.44420000000000015,0.8747000000000003,"[373.8300000000001, -1329.6100000000004, 2951.7800000000007]","{""gazeorigin"": [34.00000000000001, -11.940000000000003, -26.300000000000004], ""gazedirection"": [0.16040000000000004, -0.41150000000000014, 0.8972000000000003], ""pupildiameter"": 4.127000000000001}","{""gazeorigin"": [-31.560000000000006, -10.010000000000002, -25.980000000000004], ""gazedirection"": [0.06670000000000002, -0.3921000000000001, 0.9175000000000003], ""pupildiameter"": 4.147000000000001}"
268,1790681181.771114,0.44490000000000013,0.8743000000000003,"[369.43000000000006, -1328.7800000000002, 2952.8600000000006]","{""gazeorigin"": [34.00000000000001, -11.940000000000003, -26.290000000000006], ""gazedirection"": [0.15830000000000005, -0.41090000000000015, 0.8978000000000003], ""pupildiameter"": 4.128000000000001}","{""gazeorigin"": [-31.570000000000007, -10.010000000000002, -25.970000000000006], ""gazedirection"": [0.06610000000000002, -0.3921000000000001, 0.9175000000000003], ""pupildiameter"": 4.147000000000001}"
269,1790681181.791203,0.44540000000000013,0.8741000000000003,"[366.8300000000001, -1328.1600000000003, 2953.5700000000006]","{""gazeorigin"": [34.00000000000001, -11.940000000000003, -26.280000000000005], ""gazedirection"": [0.15680000000000005, -0.4107000000000001, 0.8982000000000003], ""pupildiameter"": 4.130000000000001}","{""gazeorigin"": [-31.580000000000005, -10.010000000000002, -25.970000000000006], ""gazedirection"": [0.06600000000000002, -0.3920000000000001, 0.9176000000000003], ""pupildiameter"": 4.146000000000001}"
270,1790681181.8111918,0.47500000000000014,0.8611000000000003,"[185.26000000000005, -1295.8500000000004, 2985.8500000000004]",{},"{""gazeorigin"": [-31.580000000000005, -10.010000000000002, -25.960000000000004], ""gazedirection"": [0.06610000000000002, -0.39180000000000015, 0.9177000000000003], ""pupildiameter"": 4.145000000000001}"
